FILE,DESTINO,FECHA IN,IDCLIENTE,CLIENTE,PAXS,MONEDA,TOTAL,SALDO,C. TOTAL
57192,MADRID,1/3/2025,714,LUX TRAVEL,2,USD,2775,0,2500
57864,AEREO NACION,1/3/2025,3421,TSA,2,PES,1388071,0,1255271
58087,AEREO INTERN,1/3/2025,3444,JESI VIAJE,5,PES,2196030,0,2086030
60453,BRASIL,1/3/2025,3306,DELTA TURI,4,USD,2824,0,2167
60688,BRASIL,1/3/2025,3306,DELTA TURI,3,USD,1431,0,1201
61271,EUROPA,1/3/2025,4127,CELTIC TRA,1,USD,1210,0,1057
61834,EUROPA,1/3/2025,3306,DELTA TURI,4,USD,4737,0,4282
62825,AEREO INTERN,1/3/2025,632,TAHITI TRA,2,USD,2624,0,2569
63144,MADRID,1/3/2025,3418,ARAGONESES,2,USD,2040,0,1904
63237,MADRID,1/3/2025,3431,PLANETA TI,1,USD,1684,0,1582
63270,AEREO INTERN,1/3/2025,3417,VIAJEMANIA,5,USD,2990,0,2813
63811,AEREO INTERN,1/3/2025,3440,GIRAMONDO,3,USD,3763,0,3733
63899,AEREO INTERN,1/3/2025,3435,COLVER TOU,2,USD,2465,0,2398
64002,AEREO INTERN,1/3/2025,714,LUX TRAVEL,2,USD,2567,0,2427
55698,PUNTA CANA,2/3/2025,1833,QUIROGA TU,7,USD,3405,-80,2590
55712,AEREO INTERN,2/3/2025,3435,COLVER TOU,2,USD,153,0,103
57644,CANCUN,2/3/2025,991,ILUSIONES,2,USD,1743,0,1601
62598,AEREO INTERN,2/3/2025,4540,MORVIAT,2,USD,1525,0,1488
62662,AEREO INTERN,2/3/2025,4540,MORVIAT,2,USD,1869,0,1832
64003,MEXICO,1/3/2025,714,LUX TRAVEL,2,USD,1760,1760,1531
64567,AEREO NACION,1/3/2025,3435,COLVER TOU,4,PES,594247,0,588247
64967,AEREO INTERN,2/3/2025,4567,WONDERTRIP,2,USD,1278,0,1253
64990,BRASIL,2/3/2025,4567,WONDERTRIP,2,USD,389,0,262
65187,AEREO INTERN,2/3/2025,3420,BAE TRAVEL,2,USD,9761,0,9741
65536,AEREO INTERN,2/3/2025,714,LUX TRAVEL,7,USD,4613,0,4013
65640,AEREO INTERN,1/3/2025,3435,COLVER TOU,2,USD,613,0,573
65774,AEREO NACION,1/3/2025,3437,DESTINOS A,2,PES,1790913,0,1677827
66001,AEREO INTERN,1/3/2025,3443,HEY! TRAVE,4,PES,2272364,2272364,2024100
66120,AEREO INTERN,1/3/2025,4614,STS SERVIC,2,USD,1763,1763,1698
53995,MADRID,4/3/2025,4009,VALERIA FO,4,USD,4518,0,4227
54063,AEREO INTERN,3/3/2025,3954,NESTURVIAJ,2,USD,1697,0,1671
55026,AEREO INTERN,3/3/2025,3954,NESTURVIAJ,2,USD,644,0,635
55027,AEREO INTERN,3/3/2025,3954,NESTURVIAJ,2,USD,644,0,635
55444,MADRID,4/3/2025,3418,ARAGONESES,3,USD,3459,0,3204
57678,AEREO INTERN,3/3/2025,4540,MORVIAT,2,USD,1518,0,1499
57702,REPUBLICA DO,3/3/2025,4540,MORVIAT,2,USD,2614,0,2368
58805,MADRID,3/3/2025,714,LUX TRAVEL,2,USD,971,0,784
58806,BRASIL,3/3/2025,714,LUX TRAVEL,2,USD,1427,-1,927
59941,MADRID,4/3/2025,3418,ARAGONESES,3,USD,7270,0,6810
59945,AEREO INTERN,4/3/2025,3451,VRC VIAJES,2,USD,5567,0,5468
60101,AEREO INTERN,4/3/2025,4752,GARCIA MAR,1,USD,790,0,757
60208,AEREO INTERN,4/3/2025,4756,ORTIZ LEAN,1,USD,790,0,753
61924,MADRID,4/3/2025,4731,SAN RAFAEL,4,USD,5343,0,4880
62947,REPUBLICA DO,3/3/2025,1135,ANTONIETTI,4,USD,6199,0,5712
62948,REPUBLICA DO,3/3/2025,1135,ANTONIETTI,4,USD,4613,2655,4021
63069,AEREO INTERN,3/3/2025,3417,VIAJEMANIA,2,USD,1044,0,960
63816,AEREO INTERN,4/3/2025,3435,COLVER TOU,2,USD,1065,0,1015
63836,MADRID,4/3/2025,3443,HEY! TRAVE,1,USD,2450,0,2374
63943,GRUPAL TURQU,4/3/2025,258,JAZZ OPERA,1,USD,0,0,0
64152,AEREO INTERN,4/3/2025,4540,MORVIAT,2,USD,2834,0,2798
64653,GRUPAL AROMA,3/3/2025,1596,REAL TOUR,2,USD,8016,6016,6138
64931,AEREO INTERN,4/3/2025,3451,VRC VIAJES,2,USD,4157,0,3950
65619,BRASIL,2/3/2025,714,LUX TRAVEL,7,USD,5428,5428,4865
65783,TICKET,2/3/2025,714,LUX TRAVEL,2,USD,1960,0,1867
65816,MACEIO,2/3/2025,714,LUX TRAVEL,2,USD,959,959,803
65849,TICKET,4/3/2025,3435,COLVER TOU,5,USD,953,0,903
65923,AEREO INTERN,2/3/2025,3435,COLVER TOU,2,USD,1260,0,1200
66045,AEREO INTERN,2/3/2025,3426,RUBEN GARC,1,USD,577,0,549
66050,GRUPAL AROMA,3/3/2025,1540,ALMAR VIAJ,1,USD,3739,3739,2875
54240,AEREO INTERN,5/3/2025,3954,NESTURVIAJ,2,USD,1934,0,1900
54777,AEREO INTERN,5/3/2025,3954,NESTURVIAJ,2,USD,1706,0,1680
56983,AEREO INTERN,7/3/2025,665,ABORDO VIA,1,PES,1159641,0,1123885
56995,CANCUN,7/3/2025,665,ABORDO VIA,3,USD,2862,0,2553
58245,PLAYA DEL CA,7/3/2025,665,ABORDO VIA,4,USD,1313,1313,1184
58429,MADRID,6/3/2025,4639,GOBACK VIA,2,USD,3474,0,3225
58629,AEREO INTERN,8/3/2025,4098,RELAJATE V,5,USD,4297,-3,4186
59673,EUROPA,6/3/2025,4639,GOBACK VIA,1,USD,2993,0,2844
60366,ESTADOS UNID,5/3/2025,4716,GESTINA TR,3,USD,652,0,585
60907,AEREO INTERN,6/3/2025,3954,NESTURVIAJ,3,USD,1065,0,1035
61000,MADRID,5/3/2025,3431,PLANETA TI,2,USD,2235,0,2032
62062,MADRID,5/3/2025,3418,ARAGONESES,2,USD,2870,0,2671
62169,AEREO INTERN,6/3/2025,3954,NESTURVIAJ,3,USD,302,0,272
62528,RIO DE JANEI,7/3/2025,1271,IM VIAJES,2,USD,1950,0,1817
62561,REPUBLICA DO,7/3/2025,714,LUX TRAVEL,2,USD,2373,2373,2042
62563,REPUBLICA DO,7/3/2025,714,LUX TRAVEL,2,USD,2775,0,2330
62971,PUNTA CANA,5/3/2025,991,ILUSIONES,10,USD,9812,0,8793
62989,AEREO INTERN,7/3/2025,3954,NESTURVIAJ,2,USD,209,0,189
63133,AEREO INTERN,7/3/2025,3413,YANNAI TUR,3,USD,1261,0,1213
63283,AEREO INTERN,5/3/2025,3413,YANNAI TUR,4,USD,3555,0,3476
63304,AEREO NACION,7/3/2025,3421,TSA,2,PES,2279014,0,2208897
63524,REPUBLICA DO,5/3/2025,991,ILUSIONES,10,USD,12961,8145,11624
63576,AEREO INTERN,5/3/2025,3440,GIRAMONDO,4,USD,4724,0,4684
63711,AEREO INTERN,7/3/2025,3417,VIAJEMANIA,2,USD,720,0,689
63713,AEREO INTERN,5/3/2025,3435,COLVER TOU,3,USD,699,0,609
63716,AEREO INTERN,5/3/2025,3435,COLVER TOU,2,USD,1126,0,1086
63765,AEREO INTERN,7/3/2025,3440,GIRAMONDO,4,USD,4829,0,4625
63795,AEREO INTERN,5/3/2025,3435,COLVER TOU,2,USD,809,0,774
64116,AEREO INTERN,6/3/2025,3435,COLVER TOU,2,USD,1082,0,1078
64150,AEREO INTERN,5/3/2025,714,LUX TRAVEL,2,USD,2770,0,2642
64181,REPUBLICA DO,5/3/2025,714,LUX TRAVEL,2,USD,2898,2898,2596
64204,AEREO INTERN,6/3/2025,3435,COLVER TOU,7,USD,7585,0,7462
64214,COLOMBIA,6/3/2025,1271,IM VIAJES,11,USD,16012,0,15033
64275,AEREO NACION,6/3/2025,3421,TSA,2,PES,478025,0,429893
64321,BAYAHIBE,5/3/2025,4935,MATYJASCZY,3,USD,4350,-200,3684
64340,AEREO INTERN,7/3/2025,3413,YANNAI TUR,4,USD,0,0,0
64360,BAYAHIBE,5/3/2025,4935,MATYJASCZY,3,USD,163,0,119
64387,AEREO INTERN,6/3/2025,3435,COLVER TOU,1,USD,663,0,643
64452,AEREO INTERN,6/3/2025,4407,VIAJEMOS J,2,USD,1159,0,1103
64563,AEREO INTERN,7/3/2025,3435,COLVER TOU,1,USD,1829,0,1801
64716,AEREO INTERN,7/3/2025,3435,COLVER TOU,2,USD,2555,0,2513
64752,REPUBLICA DO,7/3/2025,251,LORENA BOR,3,USD,4595,4594,4057
64767,BRASIL,7/3/2025,991,ILUSIONES,2,USD,1424,0,1321
64769,BRASIL,7/3/2025,991,ILUSIONES,2,USD,935,0,827
64771,TICKET,7/3/2025,251,LORENA BOR,4,USD,5113,0,4900
64785,AEREO INTERN,7/3/2025,714,LUX TRAVEL,18,USD,17677,0,16815
65076,BAYAHIBE,7/3/2025,714,LUX TRAVEL,18,USD,22258,17550,20791
65080,AEREO INTERN,5/3/2025,3954,NESTURVIAJ,2,USD,0,0,0
65104,PUNTA CANA,7/3/2025,714,LUX TRAVEL,8,USD,8043,8043,7212
65785,MADRID,7/3/2025,3431,PLANETA TI,2,USD,20041,1,19406
65822,AEREO NACION,6/3/2025,3416,VIAJEMOS,2,PES,346183,346183,307351
65830,AEREO INTERN,5/3/2025,991,ILUSIONES,1,USD,1264,0,1196
65846,AEREO NACION,6/3/2025,3416,VIAJEMOS,3,PES,513797,136569,461026
65848,AEREO NACION,6/3/2025,3416,VIAJEMOS,3,PES,537402,537402,477197
66008,AEREO INTERN,4/3/2025,714,LUX TRAVEL,2,USD,1567,1567,1487
66016,BRASIL,4/3/2025,714,LUX TRAVEL,3,USD,2042,2042,1828
66065,AEREO INTERN,6/3/2025,3435,COLVER TOU,2,USD,1235,1235,1175
66104,AEREO INTERN,5/3/2025,3435,COLVER TOU,1,USD,1455,1455,1414
66127,MADRID,6/3/2025,4370,SOCIAL MED,1,USD,1154,1154,1107
66239,AEREO INTERN,6/3/2025,5058,MARIELA RI,2,PES,979397,-3,922920
66249,AEREO NACION,5/3/2025,3414,AMV DE MUL,2,PES,191285,191285,168372
52944,TICKET,10/3/2025,4540,MORVIAT,1,USD,1634,0,1603
53893,AEREO INTERN,9/3/2025,3415,VIAJES MAR,1,USD,213,0,180
54506,MADRID,10/3/2025,3418,ARAGONESES,3,USD,3316,0,2993
55771,CANCUN,9/3/2025,991,ILUSIONES,13,USD,16527,0,15581
55923,AEREO INTERN,11/3/2025,3954,NESTURVIAJ,2,USD,549,0,529
56237,AEREO INTERN,10/3/2025,3954,NESTURVIAJ,4,USD,1097,0,1057
57597,MADRID,9/3/2025,991,ILUSIONES,5,USD,5055,0,4585
57683,CANCUN,9/3/2025,991,ILUSIONES,2,USD,2104,2104,1884
57831,EUROPA,12/3/2025,1271,IM VIAJES,1,USD,1149,0,1026
57849,PUNTA CANA,10/3/2025,1271,IM VIAJES,1,USD,973,0,823
58295,CARTAGENA,12/3/2025,4365,DEMO MARIA,4,USD,2997,0,2644
58297,AEREO INTERN,12/3/2025,4365,DEMO MARIA,4,PES,686837,0,561251
58298,CARTAGENA,12/3/2025,4365,DEMO MARIA,4,USD,3364,3364,2859
59181,MADRID,9/3/2025,991,ILUSIONES,5,USD,5684,0,5122
59423,REPUBLICA DO,11/3/2025,1135,ANTONIETTI,6,USD,6182,0,5674
59456,REPUBLICA DO,11/3/2025,1135,ANTONIETTI,6,USD,8715,0,7715
59640,TURQUIA,9/3/2025,4639,GOBACK VIA,2,USD,3160,0,3026
59755,BAYAHIBE,12/3/2025,251,LORENA BOR,12,USD,9786,0,8746
59758,EUROPA,13/3/2025,4639,GOBACK VIA,1,USD,1231,0,1170
59826,EUROPA,11/3/2025,4639,GOBACK VIA,4,USD,4369,0,4138
59984,REPUBLICA DO,12/3/2025,251,LORENA BOR,12,USD,8757,8287,7946
59990,AEREO INTERN,8/3/2025,3435,COLVER TOU,4,USD,1261,0,1211
60224,REPUBLICA DO,12/3/2025,251,LORENA BOR,3,USD,3190,0,2523
60263,PUNTA CANA,8/3/2025,4986,WOMEN GROU,3,USD,1711,1711,1532
60323,PUNTA CANA,8/3/2025,3569,NO USAR DI,3,USD,3502,0,3227
60427,PUNTA CANA,8/3/2025,4371,SOCIAL MED,15,USD,12814,0,11397
60456,PUNTA CANA,8/3/2025,2400,SUNFLOWER,7,USD,6695,0,5863
60459,PUNTA CANA,8/3/2025,2400,SUNFLOWER,5,USD,2038,0,1798
60607,PUNTA CANA,8/3/2025,2400,SUNFLOWER,2,USD,2004,0,1765
60631,AEREO INTERN,10/3/2025,551,MARA VIAJE,1,USD,999,0,950
60722,AEREO INTERN,10/3/2025,551,MARA VIAJE,1,USD,999,0,950
60776,MADRID,10/3/2025,3572,CLAUDIA SR,2,USD,2612,-3,2309
60782,PUNTA CANA,8/3/2025,4371,SOCIAL MED,2,USD,2196,757,1868
60813,PUNTA CANA,8/3/2025,2400,SUNFLOWER,2,USD,2072,0,1831
60917,AEREO INTERN,8/3/2025,4771,SORIA CLAU,1,USD,1521,0,1319
60990,AEREO INTERN,10/3/2025,3440,GIRAMONDO,7,USD,9726,0,9562
61075,MADRID,8/3/2025,3569,NO USAR DI,3,USD,3318,0,2996
61102,EUROPA,10/3/2025,489,CARLOS GAR,2,USD,3490,1890,2838
61329,MADRID,13/3/2025,3431,PLANETA TI,2,USD,3137,0,2880
61570,BAYAHIBE,12/3/2025,251,LORENA BOR,3,USD,2950,2950,2626
61682,REPUBLICA DO,11/3/2025,2940,SINDICATO,3,USD,4784,3014,4426
61687,MADRID,10/3/2025,4009,VALERIA FO,2,USD,2746,0,2510
61762,AEREO INTERN,12/3/2025,4540,MORVIAT,2,USD,2212,0,2174
61973,MADRID,12/3/2025,3431,PLANETA TI,2,USD,2878,0,2654
62065,MADRID,9/3/2025,991,ILUSIONES,4,USD,5665,0,5237
62115,RIO DE JANEI,10/3/2025,3306,DELTA TURI,5,USD,2010,1010,1786
62151,MADRID,9/3/2025,991,ILUSIONES,1,USD,1322,0,1207
62157,CANCUN,9/3/2025,991,ILUSIONES,2,USD,2939,0,2703
62159,PLAYA DEL CA,9/3/2025,991,ILUSIONES,2,USD,3808,3808,3401
62707,AEREO NACION,11/3/2025,3421,TSA,2,PES,876762,0,793456
62708,AEREO NACION,10/3/2025,3972,VIVATERRA,2,PES,634200,0,572582
62783,MEXICO,9/3/2025,991,ILUSIONES,1,USD,1530,0,1420
62922,MEXICO,9/3/2025,991,ILUSIONES,5,USD,7897,0,7290
62926,MEXICO,9/3/2025,991,ILUSIONES,6,USD,9830,9830,8814
63019,EUROPA,13/3/2025,1271,IM VIAJES,1,USD,1464,0,1297
63166,EUROPA,8/3/2025,3306,DELTA TURI,1,USD,4179,0,4007
63189,CARTAGENA,10/3/2025,2935,MBV MARIAN,2,USD,2321,0,2215
63191,CARTAGENA,10/3/2025,2935,MBV MARIAN,2,USD,2824,2824,2456
63520,MEXICO,9/3/2025,991,ILUSIONES,2,USD,3353,3353,3004
63628,AEREO INTERN,9/3/2025,991,ILUSIONES,1,USD,1325,0,1295
63651,AEREO INTERN,11/3/2025,3435,COLVER TOU,2,USD,832,0,802
63661,AEREO INTERN,13/3/2025,4897,LOPEZ SAPR,1,USD,328,0,314
63744,MADRID,12/3/2025,3435,COLVER TOU,1,USD,1123,0,1073
63838,MADRID,8/3/2025,3418,ARAGONESES,2,USD,4571,0,4347
63939,AEREO INTERN,13/3/2025,3954,NESTURVIAJ,2,USD,1911,0,1854
64016,AEREO INTERN,13/3/2025,3416,VIAJEMOS,5,USD,2702,0,2656
64035,TICKET,9/3/2025,3435,COLVER TOU,2,USD,823,0,783
64066,AEREO NACION,8/3/2025,3435,COLVER TOU,2,PES,349940,0,316694
64119,AEREO INTERN,10/3/2025,3440,GIRAMONDO,2,USD,2030,0,2016
64149,AEREO INTERN,11/3/2025,3435,COLVER TOU,3,USD,2382,0,2297
64226,AEREO INTERN,10/3/2025,3954,NESTURVIAJ,2,USD,0,0,0
64276,AEREO INTERN,10/3/2025,3421,TSA,2,USD,609,0,589
64345,AEREO INTERN,13/3/2025,3416,VIAJEMOS,2,USD,2118,0,2098
64441,AEREO INTERN,9/3/2025,4540,MORVIAT,2,USD,1949,0,1913
64464,JAPON,13/3/2025,3418,ARAGONESES,2,USD,4793,0,4511
64505,AEREO INTERN,9/3/2025,3435,COLVER TOU,1,USD,962,0,948
64527,AEREO NACION,11/3/2025,3904,CROMATIKA,2,PES,181983,0,167411
64550,AEREO INTERN,9/3/2025,3440,GIRAMONDO,2,USD,1201,0,1161
64578,AEREO INTERN,8/3/2025,3440,GIRAMONDO,2,USD,1406,0,1366
64579,AEREO INTERN,8/3/2025,3440,GIRAMONDO,1,USD,777,0,757
64626,AEREO INTERN,8/3/2025,3440,GIRAMONDO,1,USD,700,0,675
64693,MEXICO,11/3/2025,714,LUX TRAVEL,3,USD,3400,0,3288
64695,MEXICO,11/3/2025,714,LUX TRAVEL,3,USD,3484,3484,3108
64704,AEREO INTERN,10/3/2025,3435,COLVER TOU,4,USD,1430,0,1390
64751,AEREO INTERN,8/3/2025,3440,GIRAMONDO,1,USD,653,0,633
64824,AEREO NACION,13/3/2025,3414,AMV DE MUL,2,PES,1327358,0,1262705
64837,AEREO INTERN,9/3/2025,4601,SOY CREADO,1,USD,1958,0,1923
64896,AEREO INTERN,9/3/2025,3433,CITYRAMA,2,USD,905,0,885
64904,AEREO INTERN,11/3/2025,1271,IM VIAJES,2,USD,1962,0,1888
64978,AEREO INTERN,10/3/2025,4664,ANGEL RAUL,2,USD,1255,0,1176
64999,AEREO INTERN,11/3/2025,4973,ROMERO MAR,4,USD,2384,0,2269
65001,AEREO INTERN,11/3/2025,4974,SCHONFELD,4,USD,2384,0,2269
65015,CURACAO,13/3/2025,1951,CONTADOR D,4,USD,10906,6306,9828
65023,AEREO INTERN,8/3/2025,714,LUX TRAVEL,3,USD,2963,0,2773
65053,AEREO INTERN,8/3/2025,551,MARA VIAJE,1,USD,1239,0,1152
65073,CURACAO,13/3/2025,4567,WONDERTRIP,3,USD,7317,3477,6866
65165,REPUBLICA DO,11/3/2025,2940,SINDICATO,1,USD,1523,0,1492
65184,AEREO INTERN,9/3/2025,3418,ARAGONESES,1,USD,1406,0,1376
65242,AEREO INTERN,8/3/2025,3440,GIRAMONDO,2,USD,1798,0,1738
65249,AEREO INTERN,8/3/2025,3440,GIRAMONDO,6,USD,3397,0,3340
65362,AEREO INTERN,9/3/2025,3416,VIAJEMOS,3,USD,465,0,435
65386,AEREO INTERN,11/3/2025,3435,COLVER TOU,1,USD,873,0,838
65391,AEREO INTERN,10/3/2025,513,ELMONI VIA,1,USD,1610,0,1522
65436,AEREO INTERN,9/3/2025,3416,VIAJEMOS,2,USD,3095,0,3075
65510,AEREO NACION,11/3/2025,3435,COLVER TOU,1,PES,757323,0,685369
65529,TICKET,9/3/2025,714,LUX TRAVEL,2,USD,1844,0,1763
65547,AEREO INTERN,13/3/2025,3435,COLVER TOU,3,USD,1725,0,1695
65587,AEREO INTERN,9/3/2025,632,TAHITI TRA,2,USD,2462,0,2411
65671,AEREO INTERN,9/3/2025,3444,JESI VIAJE,2,USD,0,0,0
65730,ARUBA,10/3/2025,3319,ELSA BEATR,2,USD,3382,3382,2674
65731,ARUBA,10/3/2025,3319,ELSA BEATR,2,USD,1765,0,1468
65745,MADRID,9/3/2025,991,ILUSIONES,1,USD,189,90,135
65784,MIAMI,10/3/2025,714,LUX TRAVEL,2,USD,743,0,511
65803,AEREO INTERN,9/3/2025,991,ILUSIONES,2,USD,3165,0,3058
65823,AEREO INTERN,11/3/2025,3416,VIAJEMOS,2,USD,2532,2532,2376
65858,AEREO INTERN,8/3/2025,929,LIAGRE VIA,2,USD,1328,-1672,1274
65878,AEREO INTERN,9/3/2025,3447,MI PROXIMO,2,USD,2393,0,2286
65888,AEREO INTERN,8/3/2025,4433,DUSIO LUCI,2,USD,2300,2300,2230
65892,AEREO NACION,9/3/2025,631,SL VIAJES,1,PES,375293,375293,332162
65952,AEREO NACION,9/3/2025,3414,AMV DE MUL,3,PES,1773438,1773438,1582431
65998,AEREO NACION,12/3/2025,4433,DUSIO LUCI,1,PES,216311,216311,192229
66003,AEREO NACION,8/3/2025,3414,AMV DE MUL,2,PES,293599,293599,261396
66066,AEREO INTERN,12/3/2025,3435,COLVER TOU,2,USD,1142,1142,1082
66067,MIAMI,12/3/2025,3413,YANNAI TUR,1,USD,1153,0,1065
66171,PARIS,11/3/2025,3418,ARAGONESES,1,USD,1906,0,1823
66251,AEREO INTERN,9/3/2025,3414,AMV DE MUL,2,PES,620810,620810,569444
66254,AEREO INTERN,10/3/2025,714,LUX TRAVEL,2,USD,3184,3184,2976
51456,MADRID,21/3/2025,3418,ARAGONESES,2,USD,940,0,824
51602,AEREO INTERN,20/3/2025,3425,S Y E PROD,2,PES,71016,0,20000
51635,AEREO INTERN,21/3/2025,3435,COLVER TOU,2,USD,1864,0,1844
51782,AEREO INTERN,21/3/2025,3451,VRC VIAJES,1,PES,180200,0,175200
51812,AEREO INTERN,19/3/2025,3451,VRC VIAJES,2,PES,1054033,0,1034033
51927,AEREO INTERN,19/3/2025,3451,VRC VIAJES,2,PES,284000,0,269280
52496,AEREO INTERN,26/3/2025,3451,VRC VIAJES,1,PES,100786,0,99344
52623,MADRID,18/3/2025,3429,POR EL MUN,1,USD,112,0,68
53223,AEREO INTERN,26/3/2025,3451,VRC VIAJES,1,PES,62720,0,62720
54339,CANCUN,16/3/2025,1334,GRACIEL TO,3,USD,3861,0,3583
54467,CANCUN,16/3/2025,1334,GRACIEL TO,3,USD,3226,0,3090
54863,AEREO NACION,21/3/2025,4306,ORBITAL TO,2,PES,158516,-153,142918
54872,PUNTA CANA,14/3/2025,558,MARCELO MA,2,USD,869,52,776
54948,AEREO NACION,21/3/2025,4414,DO BRITO L,3,PES,270054,0,240092
55006,AEREO NACION,21/3/2025,4414,DO BRITO L,7,PES,654830,0,582251
55139,AEREO INTERN,14/3/2025,3440,GIRAMONDO,2,USD,2929,0,2908
55181,AEREO INTERN,22/3/2025,3496,V.G. TRAVE,3,USD,1990,0,1929
55214,AEREO INTERN,22/3/2025,3416,VIAJEMOS,1,USD,981,0,965
55234,AEREO INTERN,24/3/2025,4445,CHINIZON J,1,USD,310,0,296
55521,AEREO NACION,20/3/2025,4306,ORBITAL TO,2,PES,158516,0,142918
55893,AEREO NACION,21/3/2025,4306,ORBITAL TO,2,PES,158516,0,142918
55934,AEREO NACION,21/3/2025,4306,ORBITAL TO,1,PES,106972,0,96539
55956,AEREO INTERN,28/3/2025,3435,COLVER TOU,2,USD,2991,0,2951
56427,AEREO INTERN,14/3/2025,3436,CROWN TRAV,1,PES,1392689,0,1377396
56428,AEREO INTERN,14/3/2025,3436,CROWN TRAV,1,PES,1362103,0,1347183
56917,AEREO INTERN,25/3/2025,4540,MORVIAT,4,USD,2258,0,2195
57270,MACEIO,25/3/2025,4540,MORVIAT,4,USD,2020,0,1842
57434,MIAMI,21/3/2025,4639,GOBACK VIA,5,USD,6401,0,6094
57632,AEREO NACION,20/3/2025,4306,ORBITAL TO,2,PES,181417,0,161294
57740,AEREO INTERN,17/3/2025,3954,NESTURVIAJ,4,USD,1242,0,1202
57771,EUROPA,27/3/2025,4370,SOCIAL MED,1,USD,1484,0,1364
57810,MARAGOGI,25/3/2025,1334,GRACIEL TO,3,USD,2237,0,1995
57854,MARAGOGI,25/3/2025,1334,GRACIEL TO,3,USD,2307,0,1991
57886,PUNTA CANA,17/3/2025,1090,METROPOLIS,2,USD,1693,0,1539
57887,MADRID,15/3/2025,3431,PLANETA TI,2,USD,2048,0,1857
57888,PUNTA CANA,17/3/2025,1090,METROPOLIS,2,USD,1631,0,1448
57918,AEREO INTERN,24/3/2025,3954,NESTURVIAJ,3,USD,999,0,969
58089,AEREO INTERN,24/3/2025,3435,COLVER TOU,2,USD,1822,0,1768
58510,MADRID,17/3/2025,3418,ARAGONESES,1,USD,1940,0,1800
58547,MADRID,17/3/2025,3418,ARAGONESES,3,USD,2968,0,2602
58837,BRASIL,20/3/2025,4639,GOBACK VIA,9,USD,2825,0,2443
58882,MADRID,21/3/2025,3418,ARAGONESES,2,USD,6600,0,6173
58883,REPUBLICA DO,27/3/2025,714,LUX TRAVEL,2,USD,1919,0,1670
58941,MADRID,20/3/2025,3418,ARAGONESES,5,USD,6786,0,6143
59192,MADRID,20/3/2025,3418,ARAGONESES,5,USD,22135,0,21160
59242,RIO DE JANEI,20/3/2025,4639,GOBACK VIA,1,USD,393,0,349
59244,BRASIL,20/3/2025,1236,OHANA VIAJ,3,USD,2397,0,2162
59418,AEREO INTERN,20/3/2025,3428,SENECA TUR,6,USD,8315,0,8187
59419,AEREO INTERN,14/3/2025,3435,COLVER TOU,3,USD,3910,0,3859
59477,AEREO INTERN,14/3/2025,3435,COLVER TOU,2,USD,2607,0,2573
59482,MADRID,21/3/2025,3569,NO USAR DI,5,USD,8101,0,7586
59697,AEREO INTERN,19/3/2025,3440,GIRAMONDO,8,USD,5788,0,5708
59702,AEREO INTERN,19/3/2025,3440,GIRAMONDO,8,USD,5788,0,5708
59950,REPUBLICA DO,30/3/2025,918,BCTURISMO,20,USD,17130,0,15779
59992,AEREO INTERN,19/3/2025,3440,GIRAMONDO,2,USD,1641,0,1621
60037,RIO DE JANEI,14/3/2025,714,LUX TRAVEL,10,USD,6563,0,5488
60041,RIO DE JANEI,14/3/2025,714,LUX TRAVEL,10,USD,6703,6703,5038
60043,PUNTA CANA,15/3/2025,1271,IM VIAJES,3,USD,2210,0,1924
60063,GRUPAL  TURQ,16/3/2025,1741,SUL MARE V,3,USD,7856,4812,7172
60248,ESTADOS UNID,24/3/2025,3418,ARAGONESES,5,USD,4585,0,4272
60340,EUROPA,30/3/2025,1271,IM VIAJES,2,USD,450,0,280
60397,BAYAHIBE,30/3/2025,918,BCTURISMO,20,USD,20350,6424,18120
60428,MADRID,20/3/2025,3572,CLAUDIA SR,2,USD,2152,0,1897
60574,AEREO INTERN,17/3/2025,3423,SOÑAR VIAJ,2,USD,1924,0,1835
60796,AEREO INTERN,23/3/2025,3812,RODOLFO LU,4,USD,1567,0,1521
60842,MADRID,17/3/2025,1090,METROPOLIS,2,USD,2666,0,2433
60857,EUROPA,20/3/2025,1404,NO USAR VI,2,USD,2819,0,2583
60861,AEREO NACION,15/3/2025,3421,TSA,2,PES,574687,0,572687
60862,MADRID,29/3/2025,4372,SOCIAL MED,1,USD,1694,0,1572
60863,EUROPA,18/3/2025,1090,METROPOLIS,2,USD,4874,0,4369
60892,MADRID,18/3/2025,3418,ARAGONESES,5,USD,7660,0,7257
60900,AEREO INTERN,15/3/2025,1271,IM VIAJES,1,USD,359,0,242
60966,BRASIL,28/3/2025,991,ILUSIONES,2,USD,2167,0,1943
60968,BRASIL,28/3/2025,991,ILUSIONES,2,USD,1597,1597,1428
61027,AEREO INTERN,15/3/2025,1236,OHANA VIAJ,1,USD,91,0,32
61100,GRUPAL  TURQ,16/3/2025,3780,VITUR FRAN,1,USD,3486,-6,2486
61276,BRASIL,21/3/2025,4656,CHOCHA POR,4,USD,2803,0,2386
61292,IMBASSAI,21/3/2025,4656,CHOCHA POR,4,USD,2368,0,2047
61327,AEREO INTERN,21/3/2025,4540,MORVIAT,8,USD,7568,0,7418
61330,RIO DE JANEI,28/3/2025,1344,SUDECOR TU,2,USD,2177,0,1800
61341,AEREO INTERN,27/3/2025,3954,NESTURVIAJ,2,USD,210,0,190
61549,MADRID,22/3/2025,3418,ARAGONESES,6,USD,3066,0,2765
61799,ESTADOS UNID,27/3/2025,714,LUX TRAVEL,4,USD,5320,0,4428
61877,AEREO NACION,21/3/2025,631,SL VIAJES,3,PES,363194,0,326696
61962,ESTADOS UNID,21/3/2025,714,LUX TRAVEL,2,USD,2796,0,2543
62012,BRASIL,21/3/2025,991,ILUSIONES,4,USD,2294,0,2024
62013,BRASIL,21/3/2025,991,ILUSIONES,4,USD,1720,1720,1468
62031,AEREO INTERN,20/3/2025,3435,COLVER TOU,2,USD,1136,0,1118
62133,AEREO INTERN,20/3/2025,4614,STS SERVIC,1,PES,523869,0,503869
62281,AEREO INTERN,20/3/2025,4614,STS SERVIC,1,PES,416896,0,390929
62339,AEREO NACION,18/3/2025,3414,AMV DE MUL,2,PES,34689,0,32213
62424,AEREO INTERN,26/3/2025,3451,VRC VIAJES,1,USD,207,0,204
62441,AEREO INTERN,15/3/2025,4846,GOMEZ NANC,3,USD,1755,0,1607
62443,AEREO INTERN,25/3/2025,4614,STS SERVIC,1,PES,129287,0,117437
62478,AEREO INTERN,25/3/2025,4614,STS SERVIC,1,PES,411530,0,391530
62551,BRASIL,21/3/2025,991,ILUSIONES,2,USD,1078,1078,943
62557,MADRID,20/3/2025,3423,SOÑAR VIAJ,2,USD,2291,0,2149
62580,MADRID,14/3/2025,4567,WONDERTRIP,4,USD,3341,0,3059
62601,AEREO INTERN,21/3/2025,991,ILUSIONES,2,USD,1345,0,1167
62623,AEREO NACION,15/3/2025,3414,AMV DE MUL,2,PES,2397992,0,2196972
62688,PUNTA CANA,16/3/2025,714,LUX TRAVEL,5,USD,5580,0,5168
62715,AEREO INTERN,17/3/2025,3416,VIAJEMOS,2,USD,1320,0,1298
62756,PUNTA CANA,21/3/2025,1271,IM VIAJES,10,USD,12711,0,11918
62771,AEREO NACION,28/3/2025,3445,KOA TRAVEL,3,PES,476928,0,423732
62774,AEREO NACION,28/3/2025,3445,KOA TRAVEL,3,PES,449758,0,399495
62777,AEREO NACION,28/3/2025,3445,KOA TRAVEL,3,PES,492225,0,443694
62778,AEREO NACION,28/3/2025,3445,KOA TRAVEL,2,PES,335503,0,302450
62799,AEREO INTERN,18/3/2025,3451,VRC VIAJES,1,USD,1025,0,995
62821,ASIA,29/3/2025,1271,IM VIAJES,2,USD,4822,0,4499
62826,AEREO INTERN,19/3/2025,3435,COLVER TOU,2,USD,1750,-10,1627
62887,PUNTA CANA,22/3/2025,1271,IM VIAJES,4,USD,4822,0,4486
62963,MADRID,28/3/2025,3423,SOÑAR VIAJ,3,USD,4107,0,3808
62965,AEREO INTERN,19/3/2025,3435,COLVER TOU,2,USD,666,0,646
62978,MADRID,21/3/2025,3418,ARAGONESES,2,USD,832,0,768
62996,MADRID,24/3/2025,3418,ARAGONESES,8,USD,8240,0,7691
63054,GRUPAL  TURQ,16/3/2025,258,JAZZ OPERA,1,USD,0,0,1928
63107,MADRID,20/3/2025,3418,ARAGONESES,2,USD,3275,0,3072
63155,AEREO INTERN,16/3/2025,3435,COLVER TOU,4,USD,4232,0,4158
63231,MADRID,26/3/2025,3418,ARAGONESES,2,USD,1925,0,1820
63294,AEREO INTERN,19/3/2025,3435,COLVER TOU,2,USD,992,0,952
63309,MADRID,23/3/2025,3423,SOÑAR VIAJ,2,USD,1930,0,1799
63311,BRASIL,20/3/2025,714,LUX TRAVEL,2,USD,2092,0,1865
63312,PORTO DE GAL,20/3/2025,714,LUX TRAVEL,2,USD,1403,1403,1176
63331,EUROPA,27/3/2025,1271,IM VIAJES,2,USD,3004,0,2685
63350,BRASIL,20/3/2025,714,LUX TRAVEL,2,USD,2030,0,1865
63379,PUNTA CANA,14/3/2025,991,ILUSIONES,10,USD,11357,11357,10185
63407,AEREO NACION,20/3/2025,3411,PEREZ ANA,2,PES,732903,0,664746
63526,AEREO INTERN,16/3/2025,3443,HEY! TRAVE,2,USD,1173,0,1154
63533,AEREO INTERN,18/3/2025,3451,VRC VIAJES,1,USD,1173,0,1107
63543,BRASIL,15/3/2025,4371,SOCIAL MED,3,USD,1409,956,1261
63557,AEREO INTERN,24/3/2025,4896,LORENZO MA,2,USD,1682,0,1580
63611,BRASIL,22/3/2025,3418,ARAGONESES,1,USD,656,0,610
63644,AEREO INTERN,25/3/2025,4614,STS SERVIC,1,PES,376028,0,320646
63752,AEREO INTERN,25/3/2025,4614,STS SERVIC,1,PES,420043,0,394031
63757,AEREO INTERN,25/3/2025,4614,STS SERVIC,1,PES,499627,0,411476
63824,TICKET,22/3/2025,3440,GIRAMONDO,2,USD,1148,0,1108
63922,AEREO INTERN,18/3/2025,4540,MORVIAT,2,USD,2206,0,2133
63937,AEREO INTERN,18/3/2025,3954,NESTURVIAJ,5,USD,2420,0,2336
63946,GRUPAL TURQU,18/3/2025,258,JAZZ OPERA,1,USD,0,0,1360
64062,AEREO INTERN,26/3/2025,4614,STS SERVIC,1,PES,365323,0,310094
64073,PUNTA CANA,16/3/2025,714,LUX TRAVEL,2,USD,2848,0,2671
64099,AEREO INTERN,20/3/2025,3420,BAE TRAVEL,4,USD,3041,0,2958
64115,AEREO INTERN,28/3/2025,4614,STS SERVIC,1,PES,239329,0,215904
64154,ESTADOS UNID,16/3/2025,714,LUX TRAVEL,4,USD,4780,-5,4364
64223,PUNTA CANA,29/3/2025,4371,SOCIAL MED,2,USD,1806,467,1639
64224,AEREO INTERN,14/3/2025,3446,MADI VIAJE,2,USD,4639,-68,4392
64262,BRASIL,15/3/2025,4371,SOCIAL MED,2,USD,1495,1042,1321
64297,AEREO INTERN,21/3/2025,3416,VIAJEMOS,2,USD,3507,0,3455
64339,EUROPA,14/3/2025,1271,IM VIAJES,1,USD,295,0,195
64342,GRUPAL  TURQ,16/3/2025,2132,YAKARTA VI,1,USD,3070,70,2545
64344,AEREO INTERN,25/3/2025,3416,VIAJEMOS,1,USD,286,0,276
64349,AEREO INTERN,16/3/2025,3954,NESTURVIAJ,2,USD,1092,0,1072
64383,AEREO INTERN,28/3/2025,3435,COLVER TOU,3,USD,1990,0,1960
64394,BRASIL,15/3/2025,4371,SOCIAL MED,2,USD,1489,1036,1315
64411,AEREO INTERN,24/3/2025,3435,COLVER TOU,4,USD,1516,0,1436
64448,AEREO INTERN,16/3/2025,3954,NESTURVIAJ,2,USD,1013,-4,993
64470,REPUBLICA DO,19/3/2025,251,LORENA BOR,2,USD,2528,0,2393
64472,REPUBLICA DO,19/3/2025,251,LORENA BOR,2,USD,3152,3151,2813
64483,AEREO INTERN,22/3/2025,3435,COLVER TOU,2,USD,2541,0,2521
64552,AEREO INTERN,23/3/2025,3418,ARAGONESES,5,USD,1122,0,1056
64555,AEREO INTERN,17/3/2025,714,LUX TRAVEL,4,USD,1356,0,1308
64646,AEREO INTERN,24/3/2025,4540,MORVIAT,2,USD,1196,0,1158
64706,NASSAU,17/3/2025,714,LUX TRAVEL,4,USD,2902,2902,2600
64718,AEREO INTERN,22/3/2025,3435,COLVER TOU,2,PES,49536,0,49536
64728,REPUBLICA DO,26/3/2025,4371,SOCIAL MED,3,USD,2458,2458,2203
64765,AEREO INTERN,28/3/2025,3441,GROUND OPE,2,PES,8515309,-1,8494659
64770,AEREO INTERN,22/3/2025,3440,GIRAMONDO,3,USD,1848,0,1773
64817,AEREO INTERN,21/3/2025,3435,COLVER TOU,3,USD,1800,0,1770
64819,AEREO INTERN,22/3/2025,3435,COLVER TOU,2,USD,1054,0,1040
64838,AEREO INTERN,18/3/2025,2768,CARBALLO A,4,USD,3649,0,3344
64926,AEREO INTERN,29/3/2025,3440,GIRAMONDO,2,USD,2112,0,2078
64936,AEREO INTERN,18/3/2025,3420,BAE TRAVEL,3,USD,6749,0,6636
64947,TURQUIA IMPE,18/3/2025,2063,SOUBERAN V,3,USD,0,0,100
64951,AEREO INTERN,20/3/2025,3423,SOÑAR VIAJ,4,USD,4285,0,4211
64997,AEREO INTERN,17/3/2025,2581,URUK TRAVE,2,USD,2042,0,2006
65000,AEREO INTERN,22/3/2025,3433,CITYRAMA,1,USD,1869,0,1822
65091,AEREO INTERN,27/3/2025,2940,SINDICATO,1,USD,811,0,733
65099,AEREO INTERN,15/3/2025,3415,VIAJES MAR,4,USD,3785,0,3627
65103,AEREO INTERN,22/3/2025,4989,BORELLO AD,1,USD,1549,0,1526
65113,AEREO INTERN,28/3/2025,4540,MORVIAT,2,USD,2863,0,2727
65120,AEREO INTERN,21/3/2025,632,TAHITI TRA,2,USD,2680,0,2640
65124,EUROPA,17/3/2025,714,LUX TRAVEL,2,USD,790,0,654
65199,EUROPA,27/3/2025,1567,RUTUR VIAJ,1,USD,706,0,632
65200,AEREO INTERN,24/3/2025,632,TAHITI TRA,2,USD,3766,0,3692
65208,AEREO INTERN,22/3/2025,3440,GIRAMONDO,1,USD,696,0,671
65215,AEREO INTERN,22/3/2025,1833,QUIROGA TU,1,USD,1910,0,1870
65241,AEREO INTERN,16/3/2025,3451,VRC VIAJES,1,USD,0,0,0
65266,AEREO INTERN,21/3/2025,3440,GIRAMONDO,2,USD,782,0,762
65270,AEREO INTERN,18/3/2025,3416,VIAJEMOS,1,USD,2347,0,2315
65273,AEREO INTERN,15/3/2025,3451,VRC VIAJES,2,USD,0,0,0
65418,AEREO INTERN,21/3/2025,3418,ARAGONESES,1,USD,1327,0,1290
65425,AEREO INTERN,22/3/2025,3440,GIRAMONDO,1,USD,704,0,684
65448,MADRID,18/3/2025,3431,PLANETA TI,3,USD,1557,0,1470
65483,AEREO INTERN,17/3/2025,3416,VIAJEMOS,2,USD,1359,0,1339
65498,AEREO INTERN,16/3/2025,3420,BAE TRAVEL,1,USD,1529,0,1501
65514,AEREO INTERN,24/3/2025,2551,ABDALA SEB,3,PES,783528,0,713156
65520,AEREO INTERN,24/3/2025,632,TAHITI TRA,1,USD,1226,0,1177
65526,AEREO NACION,28/3/2025,4540,MORVIAT,2,PES,415255,0,373997
65538,AEREO INTERN,22/3/2025,3414,AMV DE MUL,2,USD,1153,0,1118
65539,AEREO INTERN,22/3/2025,3435,COLVER TOU,1,USD,2385,0,2276
65542,AEREO INTERN,25/3/2025,3444,JESI VIAJE,4,USD,5669,0,5520
65551,AEREO INTERN,14/3/2025,3451,VRC VIAJES,1,PES,1279056,0,1260489
65559,AEREO NACION,14/3/2025,3431,PLANETA TI,2,PES,398258,-5481,355263
65573,AEREO INTERN,18/3/2025,3433,CITYRAMA,1,USD,950,0,896
65626,AEREO NACION,14/3/2025,3443,HEY! TRAVE,4,PES,581426,26,517550
65659,AEREO INTERN,23/3/2025,3436,CROWN TRAV,1,USD,500,0,476
65667,EUROPA,20/3/2025,5021,LUJAN LUCA,2,USD,2238,0,2284
65693,AEREO INTERN,24/3/2025,4540,MORVIAT,2,USD,1694,0,1673
65697,MIAMI,13/3/2025,3418,ARAGONESES,5,USD,5755,0,5428
65720,AEREO NACION,26/3/2025,3435,COLVER TOU,1,PES,193707,0,191707
65722,GRUPAL MARAV,26/3/2025,4560,ASPEN TRAV,2,USD,5109,2109,3833
65723,AEREO INTERN,17/3/2025,3496,V.G. TRAVE,2,USD,7775,0,7562
65726,AEREO INTERN,16/3/2025,3435,COLVER TOU,2,USD,1170,0,1110
65740,AEREO INTERN,21/3/2025,5026,GARCIA MIG,2,USD,2256,0,2181
65794,AEREO INTERN,20/3/2025,714,LUX TRAVEL,2,USD,1312,0,1239
65821,AEREO NACION,26/3/2025,3414,AMV DE MUL,2,PES,177464,177464,156043
65831,AEREO NACION,28/3/2025,3436,CROWN TRAV,2,PES,318787,4058,287544
65876,AEREO INTERN,18/3/2025,3440,GIRAMONDO,2,USD,1151,0,1091
65889,AEREO INTERN,27/3/2025,3435,COLVER TOU,2,USD,1796,0,1756
65900,AEREO NACION,20/3/2025,3411,PEREZ ANA,2,PES,928600,0,833530
65911,AEREO INTERN,18/3/2025,3440,GIRAMONDO,3,USD,1555,0,1465
65918,AEREO INTERN,20/3/2025,3416,VIAJEMOS,3,USD,1902,1902,1814
65934,AEREO NACION,17/3/2025,3414,AMV DE MUL,2,PES,1160593,1160593,1034429
65942,MIAMI,13/3/2025,3538,BLUE SCARL,3,USD,3621,0,3167
65961,MIAMI,24/3/2025,3418,ARAGONESES,1,USD,1202,0,1122
66030,REPUBLICA DO,27/3/2025,714,LUX TRAVEL,2,USD,1736,1736,1618
66033,AEREO INTERN,22/3/2025,3440,GIRAMONDO,1,USD,705,0,670
66034,AEREO INTERN,17/3/2025,632,TAHITI TRA,2,USD,1741,1741,1696
66059,AEREO INTERN,22/3/2025,3440,GIRAMONDO,1,USD,700,0,670
66070,AEREO INTERN,24/3/2025,3451,VRC VIAJES,2,PES,1351500,0,1334039
66084,AEREO INTERN,26/3/2025,714,LUX TRAVEL,12,USD,11700,11700,10659
66099,MADRID,21/3/2025,3431,PLANETA TI,2,USD,4214,0,3973
66106,AEREO INTERN,23/3/2025,3413,YANNAI TUR,2,USD,1304,-326,1223
66108,AEREO INTERN,22/3/2025,3440,GIRAMONDO,2,USD,1129,0,1096
66116,AEREO INTERN,22/3/2025,3440,GIRAMONDO,2,USD,0,0,0
66118,AEREO NACION,25/3/2025,3414,AMV DE MUL,2,PES,538762,538762,479691
66119,AEREO INTERN,14/3/2025,3413,YANNAI TUR,1,PES,504123,504123,496908
66156,AEREO NACION,14/3/2025,3414,AMV DE MUL,2,PES,196032,196032,172606
66159,AEREO INTERN,18/3/2025,3954,NESTURVIAJ,5,USD,0,0,0
66161,BRASIL,23/3/2025,3418,ARAGONESES,1,USD,700,0,648
66185,AEREO INTERN,21/3/2025,4433,DUSIO LUCI,4,USD,1474,1474,1378
66193,AEREO INTERN,21/3/2025,3435,COLVER TOU,5,USD,2991,2991,2900
66214,AEREO INTERN,17/3/2025,3954,NESTURVIAJ,2,USD,809,-1256,769
66220,AEREO NACION,18/3/2025,3414,AMV DE MUL,2,PES,2806171,2806171,2626611
66227,AEREO INTERN,13/3/2025,3444,JESI VIAJE,3,USD,834,834,787
66228,AEREO INTERN,23/3/2025,3435,COLVER TOU,2,USD,909,909,856
66243,AEREO INTERN,14/3/2025,3423,SOÑAR VIAJ,1,USD,1556,1556,1514
66246,AEREO INTERN,22/3/2025,2581,URUK TRAVE,2,USD,3453,3453,3364
66247,ESTAMBUL,16/3/2025,3423,SOÑAR VIAJ,1,USD,250,250,224
66252,AEREO INTERN,25/3/2025,4540,MORVIAT,3,USD,3211,3211,3108
31755,AEREO INTERN,13/4/2025,513,ELMONI VIA,2,PES,1241755,0,1224611
52591,MADRID,14/4/2025,3431,PLANETA TI,3,USD,447,0,420
53178,AEREO INTERN,25/4/2025,4414,DO BRITO L,1,USD,224,0,191
54253,AEREO NACION,7/4/2025,4098,RELAJATE V,5,PES,619532,0,550681
54341,MADRID,10/4/2025,3418,ARAGONESES,4,USD,5336,0,4999
54552,AEREO NACION,9/4/2025,4098,RELAJATE V,2,PES,297721,0,264792
54834,PUNTA CANA,4/4/2025,4370,SOCIAL MED,9,USD,8981,0,7991
54977,AEREO INTERN,2/4/2025,3435,COLVER TOU,4,USD,4833,0,4793
54994,AEREO NACION,8/4/2025,4098,RELAJATE V,2,PES,44424,0,40858
55111,MADRID,11/4/2025,3431,PLANETA TI,5,USD,6771,0,6266
55148,AEREO NACION,8/4/2025,4098,RELAJATE V,1,PES,243648,0,216949
55288,AEREO INTERN,15/4/2025,3440,GIRAMONDO,4,USD,1072,0,1058
55353,AEREO INTERN,1/5/2025,3440,GIRAMONDO,2,USD,2156,0,2136
55431,AEREO NACION,7/4/2025,4098,RELAJATE V,1,PES,146802,0,130684
55781,MADRID,12/4/2025,3418,ARAGONESES,2,USD,2650,0,2440
55789,MADRID,14/4/2025,4635,ZUBELDIA V,3,USD,4221,0,3674
55853,MADRID,1/5/2025,714,LUX TRAVEL,6,USD,8937,0,8447
55854,AFRICA,10/4/2025,3306,DELTA TURI,1,USD,2175,0,2041
55870,MADRID,14/4/2025,929,LIAGRE VIA,3,USD,4189,0,3895
55920,MADRID,1/4/2025,3418,ARAGONESES,2,USD,2830,0,2599
56009,MADRID,10/5/2025,3418,ARAGONESES,2,USD,2901,0,2623
56334,EUROPA,26/4/2025,714,LUX TRAVEL,5,USD,6337,0,5845
56372,ESTADOS UNID,10/4/2025,1271,IM VIAJES,5,USD,18675,0,16910
56385,EUROPA,5/5/2025,1271,IM VIAJES,2,USD,3324,0,2998
56453,AEREO NACION,10/4/2025,4098,RELAJATE V,1,PES,293604,0,261367
56615,MADRID,1/5/2025,3418,ARAGONESES,16,USD,18608,0,16432
56626,EUROPA,15/4/2025,929,LIAGRE VIA,2,USD,2307,0,2141
56650,EUROPA,7/4/2025,551,MARA VIAJE,3,USD,2946,0,2587
56739,MADRID,23/4/2025,3418,ARAGONESES,2,USD,2526,0,2275
56879,MADRID,8/4/2025,3418,ARAGONESES,2,USD,2700,0,2465
56883,MADRID,1/5/2025,3418,ARAGONESES,1,USD,1166,0,1035
56938,MEXICO,10/4/2025,4372,SOCIAL MED,2,USD,4570,0,4313
56942,AEREO INTERN,9/5/2025,4009,VALERIA FO,6,USD,5754,-150,5661
56971,MADRID,6/5/2025,3426,RUBEN GARC,1,USD,2154,0,2075
56997,AEREO INTERN,5/4/2025,4601,SOY CREADO,2,PES,3137728,0,3074820
57046,ESTADOS UNID,12/4/2025,1404,NO USAR VI,4,USD,3582,0,3149
57068,CANCUN,8/5/2025,2400,SUNFLOWER,5,USD,4852,0,4255
57206,MADRID,1/4/2025,3435,COLVER TOU,4,USD,5636,0,5316
57310,EUROPA,1/5/2025,1271,IM VIAJES,2,USD,7522,0,6813
57400,MADRID,9/5/2025,3431,PLANETA TI,9,USD,14655,0,13907
57492,EUROPA,16/4/2025,551,MARA VIAJE,2,USD,2277,0,2020
57524,CANCUN,31/3/2025,4370,SOCIAL MED,2,USD,1709,0,1494
57526,CANCUN,31/3/2025,4370,SOCIAL MED,1,USD,854,0,747
57566,MADRID,11/4/2025,3418,ARAGONESES,1,USD,1487,0,1355
57592,MADRID,17/4/2025,3418,ARAGONESES,2,USD,3710,0,3526
57626,MADRID,12/4/2025,3418,ARAGONESES,2,USD,3120,0,2855
57643,MADRID,15/4/2025,4009,VALERIA FO,2,USD,3030,0,2661
57661,MADRID,11/4/2025,3418,ARAGONESES,2,USD,4056,0,3771
57664,EUROPA,8/5/2025,4370,SOCIAL MED,2,USD,2478,0,2249
57915,AEREO INTERN,6/4/2025,3416,VIAJEMOS,2,USD,2308,0,2243
58043,CUBA,3/5/2025,1271,IM VIAJES,6,USD,6246,0,5639
58045,ESTADOS UNID,4/5/2025,929,LIAGRE VIA,1,USD,458,0,339
58064,MADRID,10/5/2025,3431,PLANETA TI,4,USD,4764,0,4434
58068,MADRID,10/5/2025,3431,PLANETA TI,3,USD,2974,0,2710
58080,GUATEMALA,7/4/2025,997,TECOM VIAJ,2,USD,3122,0,2741
58111,MADRID,10/5/2025,3431,PLANETA TI,7,USD,6800,0,6439
58117,MIAMI,2/4/2025,4372,SOCIAL MED,4,USD,4117,0,3662
58124,REPUBLICA DO,28/4/2025,251,LORENA BOR,2,USD,2904,1004,2539
58125,REPUBLICA DO,1/4/2025,251,LORENA BOR,2,USD,1765,0,1671
58153,MADRID,10/5/2025,3431,PLANETA TI,1,USD,2410,0,2184
58173,ESTADOS UNID,21/4/2025,1271,IM VIAJES,3,USD,3615,0,3076
58219,MADRID,9/4/2025,3418,ARAGONESES,2,USD,900,0,784
58225,REPUBLICA DO,3/4/2025,714,LUX TRAVEL,8,USD,8597,0,7647
58226,REPUBLICA DO,3/4/2025,714,LUX TRAVEL,13,USD,8703,8703,7043
58271,MADRID,17/4/2025,3435,COLVER TOU,3,USD,3408,0,3134
58353,MADRID,14/4/2025,3418,ARAGONESES,2,USD,3480,0,3208
58437,REPUBLICA DO,22/4/2025,251,LORENA BOR,17,USD,17677,0,15555
58445,REPUBLICA DO,22/4/2025,251,LORENA BOR,17,USD,10967,10967,9744
58464,PUNTA CANA,16/4/2025,1334,GRACIEL TO,4,USD,5397,1300,4670
58495,MADRID,4/4/2025,3418,ARAGONESES,2,USD,3344,0,3115
58515,PUNTA CANA,16/4/2025,1334,GRACIEL TO,4,USD,5063,0,4509
58656,MADRID,14/4/2025,3418,ARAGONESES,2,USD,3480,0,3208
58677,MADRID,16/4/2025,997,TECOM VIAJ,1,USD,1419,0,1301
58682,CANCUN,7/4/2025,4656,CHOCHA POR,5,USD,5658,0,5095
58686,MADRID,11/4/2025,3418,ARAGONESES,2,USD,3142,0,2876
58688,CANCUN,8/4/2025,4656,CHOCHA POR,5,USD,5634,0,5039
58704,MADRID,9/5/2025,3443,HEY! TRAVE,2,USD,2360,0,2199
58804,MADRID,9/5/2025,3418,ARAGONESES,2,USD,2700,0,2648
58816,MADRID,29/4/2025,3569,NO USAR DI,3,USD,2942,0,2724
58840,CANCUN,30/4/2025,4986,WOMEN GROU,6,USD,4679,4676,4152
58849,EUROPA,28/4/2025,4639,GOBACK VIA,2,USD,2621,0,2497
58850,REPUBLICA DO,3/4/2025,714,LUX TRAVEL,5,USD,4449,0,3809
59004,MADRID,18/4/2025,3435,COLVER TOU,2,USD,4008,0,3605
59079,MADRID,10/4/2025,3418,ARAGONESES,3,USD,2823,0,2685
59143,MADRID,8/4/2025,3418,ARAGONESES,2,USD,2591,0,2496
59167,ESTADOS UNID,11/4/2025,3306,DELTA TURI,4,USD,4771,0,4316
59169,JAPON,15/4/2025,1271,IM VIAJES,2,USD,14072,0,12635
59247,AEREO INTERN,5/5/2025,254,GRIFFIN VI,1,USD,1200,0,1169
59404,MADRID,11/4/2025,3418,ARAGONESES,1,USD,253,0,196
59463,ASIA,17/4/2025,1271,IM VIAJES,2,USD,1956,0,1663
59537,MADRID,24/4/2025,3418,ARAGONESES,2,USD,6110,0,5688
59665,AEREO INTERN,25/4/2025,3420,BAE TRAVEL,2,USD,3104,0,3003
59679,CANCUN,12/4/2025,714,LUX TRAVEL,4,USD,5551,0,5099
59696,MEXICO,12/4/2025,714,LUX TRAVEL,4,USD,4105,4105,3699
59717,PUNTA CANA,17/4/2025,3569,NO USAR DI,5,USD,5714,0,5115
59759,EUROPA,1/5/2025,4639,GOBACK VIA,2,USD,2537,0,2415
59761,ESTADOS UNID,3/5/2025,4639,GOBACK VIA,1,USD,1131,0,1072
59865,EUROPA,31/3/2025,1404,NO USAR VI,4,USD,4727,0,4071
59874,MADRID,16/4/2025,3572,CLAUDIA SR,2,USD,2455,0,2099
59938,MADRID,1/5/2025,3418,ARAGONESES,2,USD,2892,0,2637
60012,MADRID,18/4/2025,3418,ARAGONESES,2,USD,2686,0,2432
60030,MADRID,30/4/2025,3423,SOÑAR VIAJ,1,USD,1286,0,1208
60034,PUNTA CANA,2/4/2025,3569,NO USAR DI,14,USD,17903,0,15508
60059,ESTADOS UNID,30/4/2025,3423,SOÑAR VIAJ,1,USD,1290,0,1208
60095,ESTADOS UNID,30/4/2025,3423,SOÑAR VIAJ,1,USD,1430,0,1342
60142,ESTADOS UNID,30/4/2025,3423,SOÑAR VIAJ,1,USD,1286,0,1208
60256,PARIS,13/4/2025,3418,ARAGONESES,2,USD,5078,0,4415
60321,MADRID,27/4/2025,3423,SOÑAR VIAJ,1,USD,2566,0,2416
60362,REPUBLICA DO,7/5/2025,1135,ANTONIETTI,6,USD,8693,0,7934
60365,REPUBLICA DO,7/5/2025,1135,ANTONIETTI,6,USD,8758,0,7584
60392,MADRID,7/5/2025,3418,ARAGONESES,3,USD,3756,0,3381
60487,AEREO INTERN,6/5/2025,3416,VIAJEMOS,2,USD,1069,0,1048
60506,MADRID,30/4/2025,3423,SOÑAR VIAJ,2,USD,2553,0,2403
60511,MADRID,30/4/2025,3413,YANNAI TUR,2,USD,2947,0,2646
60518,MADRID,30/3/2025,3431,PLANETA TI,2,USD,4400,0,4119
60697,INDIA,10/4/2025,3306,DELTA TURI,1,USD,2201,0,1967
60702,EUROPA,2/5/2025,997,TECOM VIAJ,2,USD,2724,0,2477
60733,MADRID,24/4/2025,3423,SOÑAR VIAJ,1,USD,1603,0,1469
60748,MADRID,30/4/2025,3423,SOÑAR VIAJ,1,USD,1235,0,1154
60772,MADRID,22/4/2025,3418,ARAGONESES,6,USD,3930,0,3551
60860,MADRID,30/4/2025,3418,ARAGONESES,2,USD,2227,0,2053
60967,EUROPA,7/4/2025,551,MARA VIAJE,2,USD,510,0,332
61043,MADRID,30/4/2025,3423,SOÑAR VIAJ,2,USD,2610,0,2458
61066,AEREO INTERN,13/4/2025,4776,CHICOPE RE,1,USD,1684,0,1650
61070,MADRID,2/4/2025,714,LUX TRAVEL,6,USD,6468,0,5764
61092,MADRID,18/4/2025,4567,WONDERTRIP,3,USD,2991,0,2681
61123,MADRID,24/4/2025,4372,SOCIAL MED,2,USD,3112,0,2873
61171,MADRID,30/4/2025,3423,SOÑAR VIAJ,4,USD,5853,0,5537
61183,MEXICO,5/5/2025,714,LUX TRAVEL,2,USD,2447,0,2215
61185,MEXICO,5/5/2025,714,LUX TRAVEL,2,USD,1329,1329,1116
61236,MADRID,15/4/2025,4009,VALERIA FO,2,USD,3272,0,2848
61253,MADRID,27/4/2025,3423,SOÑAR VIAJ,2,USD,2696,-1,2544
61345,MADRID,30/4/2025,3423,SOÑAR VIAJ,1,USD,1465,0,1384
61349,MADRID,9/5/2025,4009,VALERIA FO,1,USD,1233,0,1057
61368,MADRID,10/4/2025,3426,RUBEN GARC,1,USD,1733,0,1648
61369,GRUPAL JOYAS,1/5/2025,258,JAZZ OPERA,1,USD,0,0,2300
61392,AEREO INTERN,16/4/2025,4396,TRIBU TRAV,2,USD,2498,0,2398
61418,MADRID,30/4/2025,3423,SOÑAR VIAJ,1,USD,1520,0,1439
61453,EUROPA,28/4/2025,1404,NO USAR VI,1,USD,2118,0,1936
61454,EUROPA,28/4/2025,1404,NO USAR VI,1,USD,2075,0,1894
61463,MEXICO,29/4/2025,3569,NO USAR DI,3,USD,3782,0,3269
61475,EUROPA,28/4/2025,1404,NO USAR VI,1,USD,2118,0,1936
61491,EUROPA,28/4/2025,3306,DELTA TURI,1,USD,1587,0,1365
61492,EUROPA,28/4/2025,3306,DELTA TURI,1,USD,1826,0,1600
61493,EUROPA,28/4/2025,3306,DELTA TURI,1,USD,1547,0,1327
61517,EUROPA,28/4/2025,1404,NO USAR VI,1,USD,1757,0,1582
61560,AEREO INTERN,7/5/2025,4540,MORVIAT,2,USD,1935,0,1898
61573,GRUPAL PORTU,8/5/2025,2099,MUTUAL UCY,1,USD,5512,0,3703
61577,INDIA,11/4/2025,3306,DELTA TURI,1,USD,2738,0,2494
61596,MADRID,29/4/2025,3418,ARAGONESES,2,USD,3438,0,3158
61654,EUROPA,8/4/2025,4370,SOCIAL MED,2,USD,5356,0,5010
61680,MADRID,27/4/2025,3538,BLUE SCARL,2,USD,3533,0,3215
61701,MADRID,9/5/2025,3423,SOÑAR VIAJ,4,USD,170,0,83
61716,CANCUN,12/4/2025,714,LUX TRAVEL,8,USD,9785,0,8833
61717,CANCUN,12/4/2025,714,LUX TRAVEL,8,USD,5347,5347,4853
61757,AEREO INTERN,5/4/2025,3435,COLVER TOU,5,USD,2363,0,2251
61771,AEREO INTERN,8/4/2025,3411,PEREZ ANA,1,USD,1000,0,967
61780,MADRID,2/4/2025,3418,ARAGONESES,4,USD,12165,0,11528
61808,EUROPA,21/4/2025,3306,DELTA TURI,1,USD,1932,0,1803
62036,CUBA,27/4/2025,1135,ANTONIETTI,2,USD,3120,0,2638
62040,AEREO INTERN,7/4/2025,3415,VIAJES MAR,4,USD,2069,0,1917
62041,CUBA,27/4/2025,1135,ANTONIETTI,2,USD,669,669,543
62045,CUBA,3/5/2025,1271,IM VIAJES,1,USD,1166,0,1043
62193,MADRID,21/4/2025,3413,YANNAI TUR,2,USD,3808,0,3539
62241,MEXICO,6/4/2025,991,ILUSIONES,2,USD,2433,2433,2180
62247,EUROPA,7/5/2025,3569,NO USAR DI,2,USD,2906,0,2667
62255,MADRID,27/4/2025,3418,ARAGONESES,2,USD,1564,0,1435
62260,MEXICO,6/4/2025,991,ILUSIONES,2,USD,1706,0,1543
62285,GRUPAL EUROP,26/4/2025,4560,ASPEN TRAV,4,USD,21531,10199,15579
62323,MADRID,15/4/2025,3418,ARAGONESES,1,USD,4420,0,4186
62328,MADRID,8/4/2025,3418,ARAGONESES,1,USD,1691,0,1566
62349,EUROPA,10/4/2025,955,CHAU VIAJE,3,USD,1917,0,1483
62388,MADRID,15/4/2025,3431,PLANETA TI,1,USD,1296,0,1199
62397,ASIA,10/4/2025,3306,DELTA TURI,1,USD,335,0,198
62412,MADRID,2/5/2025,3418,ARAGONESES,3,USD,3516,0,3288
62421,EUROPA,4/5/2025,1271,IM VIAJES,1,USD,395,0,245
62465,CANCUN,16/4/2025,4540,MORVIAT,1,USD,230,0,95
62484,MEXICO,8/5/2025,714,LUX TRAVEL,2,USD,2263,0,1516
62486,MEXICO,8/5/2025,714,LUX TRAVEL,2,USD,2399,2399,2012
62501,PERU HISTORI,12/4/2025,3209,WASABI,1,USD,83,0,0
62532,MADRID,15/4/2025,3431,PLANETA TI,1,USD,1391,-1,1279
62618,AEREO INTERN,10/5/2025,3435,COLVER TOU,2,PES,4273208,0,4253198
62625,GRUPAL  TURQ,14/4/2025,714,LUX TRAVEL,2,USD,6224,4224,4922
62638,AEREO INTERN,7/4/2025,3435,COLVER TOU,1,USD,1118,0,1108
62651,MADRID,30/4/2025,3423,SOÑAR VIAJ,1,USD,1368,0,1293
62663,EUROPA,23/4/2025,929,LIAGRE VIA,1,USD,1220,0,1148
62673,AEREO NACION,26/4/2025,513,ELMONI VIA,4,USD,3146,0,2871
62686,MADRID,30/4/2025,3423,SOÑAR VIAJ,1,USD,1368,0,1293
62696,GRUPAL  TURQ,14/4/2025,2142,PLATINO TU,2,USD,6135,35,4922
62745,GRUPAL  TURQ,14/4/2025,2462,TURISMO LA,2,USD,6224,3724,4922
62838,EUROPA,5/4/2025,4127,CELTIC TRA,1,USD,1430,0,1304
62877,MADRID,31/3/2025,3418,ARAGONESES,1,USD,761,0,746
62908,EUROPA,5/4/2025,4127,CELTIC TRA,2,USD,2744,0,2430
63042,AEREO INTERN,5/4/2025,3416,VIAJEMOS,2,USD,892,0,852
63046,AEREO INTERN,5/4/2025,4871,PERELLO IV,1,USD,2108,0,1880
63071,BAYAHIBE,1/5/2025,251,LORENA BOR,2,USD,1776,1650,1544
63074,AEREO NACION,2/4/2025,3421,TSA,4,PES,2093775,0,2000562
63078,REPUBLICA DO,1/5/2025,251,LORENA BOR,2,USD,2347,0,2115
63087,AEREO INTERN,26/4/2025,513,ELMONI VIA,2,USD,1962,0,1805
63118,EUROPA,1/5/2025,714,LUX TRAVEL,2,USD,3056,0,2737
63120,ESTADOS UNID,12/4/2025,3306,DELTA TURI,4,USD,1658,0,1487
63174,GRUPAL  TURQ,14/4/2025,810,ICONICA LA,2,USD,6224,2724,4922
63186,EUROPA,4/5/2025,1271,IM VIAJES,2,USD,2938,0,2682
63204,GRUPAL  TURQ,14/4/2025,810,ICONICA LA,2,USD,6224,-276,4922
63254,MADRID,4/4/2025,3418,ARAGONESES,1,USD,1259,0,1223
63259,AEREO INTERN,2/4/2025,3451,VRC VIAJES,2,USD,3055,0,2991
63264,AEREO INTERN,16/4/2025,3435,COLVER TOU,5,USD,4239,0,4189
63288,CANCUN,8/4/2025,4701,MAZZUCCO V,4,USD,1435,1005,1284
63361,PUNTA CANA,6/4/2025,714,LUX TRAVEL,4,USD,5110,-3,4056
63380,AEREO INTERN,5/4/2025,3435,COLVER TOU,2,USD,2781,0,2761
63412,AEREO INTERN,25/4/2025,3435,COLVER TOU,1,USD,774,0,764
63418,AEREO INTERN,29/4/2025,3420,BAE TRAVEL,2,USD,1316,0,1296
63420,AEREO INTERN,30/3/2025,3435,COLVER TOU,2,USD,1518,0,1498
63512,AEREO INTERN,9/4/2025,3435,COLVER TOU,13,USD,4402,0,4207
63523,AEREO INTERN,29/4/2025,3426,RUBEN GARC,2,USD,4297,0,4201
63527,MEXICO,18/4/2025,714,LUX TRAVEL,6,USD,1767,-2,1464
63528,AEREO INTERN,6/4/2025,3423,SOÑAR VIAJ,3,USD,1120,-8,1090
63530,AEREO NACION,16/4/2025,4098,RELAJATE V,3,PES,1254466,0,1118229
63558,AEREO NACION,29/4/2025,4895,GORDILLO P,3,USD,2347,0,2290
63559,CANCUN,6/5/2025,714,LUX TRAVEL,6,USD,6851,0,6160
63560,CANCUN,6/5/2025,714,LUX TRAVEL,6,USD,10226,10226,9257
63573,AEREO INTERN,7/5/2025,3435,COLVER TOU,4,USD,4538,0,4472
63582,EUROPA,15/4/2025,4009,VALERIA FO,2,USD,413,0,340
63603,AEREO INTERN,31/3/2025,3440,GIRAMONDO,1,USD,662,0,652
63606,MADRID,28/4/2025,3418,ARAGONESES,2,USD,5770,0,5349
63621,AEREO INTERN,14/4/2025,3416,VIAJEMOS,2,USD,1531,0,1511
63623,PUNTA CANA,11/4/2025,714,LUX TRAVEL,15,USD,23753,0,21786
63625,AEREO INTERN,11/4/2025,551,MARA VIAJE,3,USD,804,0,722
63632,AEREO INTERN,4/4/2025,4601,SOY CREADO,1,USD,2179,0,2162
63638,AEREO INTERN,8/4/2025,3417,VIAJEMANIA,3,USD,2857,0,2813
63639,AEREO INTERN,16/4/2025,3416,VIAJEMOS,2,USD,2553,0,2426
63664,AEREO INTERN,28/4/2025,3433,CITYRAMA,2,USD,2667,0,2653
63665,AEREO INTERN,1/5/2025,4614,STS SERVIC,1,PES,236382,0,182999
63674,EUROPA,28/4/2025,3418,ARAGONESES,4,USD,677,0,664
63689,EUROPA,7/4/2025,2400,SUNFLOWER,1,USD,2063,0,1883
63724,PUNTA CANA,11/4/2025,714,LUX TRAVEL,15,USD,10748,9748,9198
63738,MADRID,11/4/2025,3431,PLANETA TI,2,USD,5907,0,5551
63750,AEREO INTERN,29/4/2025,513,ELMONI VIA,1,USD,676,0,669
63760,AEREO INTERN,11/4/2025,4407,VIAJEMOS J,4,USD,1719,-6,1655
63769,MADRID,4/5/2025,3431,PLANETA TI,2,USD,2743,0,2572
63778,MADRID,12/4/2025,3418,ARAGONESES,2,USD,2862,0,2743
63784,AEREO INTERN,10/4/2025,3451,VRC VIAJES,2,USD,1974,0,1926
63819,AEREO INTERN,7/5/2025,3415,VIAJES MAR,3,USD,1180,0,1133
63852,EUROPA,12/4/2025,251,LORENA BOR,2,USD,4432,0,4224
63860,AEREO INTERN,1/5/2025,632,TAHITI TRA,2,USD,3272,0,3203
63862,AEREO INTERN,1/5/2025,632,TAHITI TRA,5,USD,4509,0,4383
63870,MADRID,22/4/2025,3418,ARAGONESES,3,USD,4056,0,3861
63872,MADRID,22/4/2025,3418,ARAGONESES,2,USD,2782,0,2638
63902,AEREO INTERN,1/5/2025,632,TAHITI TRA,2,USD,1904,0,1851
63904,AEREO INTERN,26/4/2025,632,TAHITI TRA,5,USD,4785,0,4626
63923,AEREO INTERN,4/4/2025,4540,MORVIAT,2,USD,1648,0,1588
63985,EUROPA,14/4/2025,714,LUX TRAVEL,1,USD,1366,-49,1279
63993,AEREO INTERN,1/5/2025,632,TAHITI TRA,4,USD,3538,0,3395
63997,EUROPA,2/4/2025,714,LUX TRAVEL,1,USD,1334,0,1247
64004,AEREO INTERN,7/4/2025,3440,GIRAMONDO,2,USD,2174,0,2087
64019,MADRID,9/5/2025,3443,HEY! TRAVE,2,USD,3224,0,3072
64020,MADRID,21/4/2025,3431,PLANETA TI,1,USD,160,0,144
64021,MADRID,31/3/2025,3418,ARAGONESES,2,USD,2340,0,2224
64037,EUROPA,13/4/2025,251,LORENA BOR,2,USD,6958,6958,6098
64118,AEREO INTERN,30/4/2025,3423,SOÑAR VIAJ,1,USD,1363,0,1345
64168,GRUPAL PORTU,8/5/2025,1164,SAUL BANCH,1,USD,5478,1846,3756
64207,BAYAHIBE,8/4/2025,251,LORENA BOR,4,USD,8614,8614,7666
64230,AEREO INTERN,17/4/2025,3417,VIAJEMANIA,4,USD,1990,0,1912
64310,AEREO NACION,17/4/2025,3418,ARAGONESES,1,PES,299388,0,270923
64329,AEREO INTERN,12/4/2025,4540,MORVIAT,4,USD,4877,0,4803
64333,AEREO INTERN,30/3/2025,3440,GIRAMONDO,2,USD,430,0,370
64366,AEREO NACION,6/4/2025,3421,TSA,2,PES,0,0,0
64382,AEREO INTERN,1/4/2025,3435,COLVER TOU,4,USD,3995,0,3933
64391,AEREO INTERN,30/3/2025,3435,COLVER TOU,2,USD,1562,0,1542
64393,AEREO INTERN,3/4/2025,3416,VIAJEMOS,3,USD,9129,0,8891
64403,PUNTA CANA,15/4/2025,251,LORENA BOR,3,USD,3408,3408,2970
64407,AEREO INTERN,11/4/2025,3416,VIAJEMOS,3,USD,1315,0,1285
64409,REPUBLICA DO,15/4/2025,251,LORENA BOR,3,USD,5326,0,5152
64416,AEREO INTERN,7/5/2025,3436,CROWN TRAV,1,USD,1518,0,1493
64429,AEREO INTERN,2/4/2025,3496,V.G. TRAVE,2,USD,1773,0,1734
64444,AEREO INTERN,23/4/2025,4540,MORVIAT,3,USD,2766,0,2711
64457,GRUPAL  TURQ,20/4/2025,258,JAZZ OPERA,1,USD,0,0,1760
64463,GRUPAL JOYAS,3/4/2025,258,JAZZ OPERA,1,USD,0,0,0
64466,GRUPAL  TURQ,14/4/2025,258,JAZZ OPERA,1,USD,0,0,1760
64502,AEREO INTERN,8/4/2025,3443,HEY! TRAVE,2,USD,2381,0,2361
64513,AEREO NACION,12/4/2025,3418,ARAGONESES,4,PES,443638,0,400814
64518,AEREO NACION,5/4/2025,3972,VIVATERRA,9,PES,9351004,0,8342576
64532,AEREO INTERN,21/4/2025,929,LIAGRE VIA,2,USD,1689,0,1649
64533,ESTADOS UNID,3/4/2025,1271,IM VIAJES,3,USD,2373,0,2322
64536,AEREO INTERN,1/4/2025,3435,COLVER TOU,2,USD,2112,0,2092
64541,PUNTA CANA,21/4/2025,929,LIAGRE VIA,2,USD,2582,1082,2305
64559,PUNTA CANA,16/4/2025,714,LUX TRAVEL,2,USD,2520,-2,2350
64560,SANTO DOMING,30/4/2025,714,LUX TRAVEL,2,USD,2820,0,2644
64572,AEREO INTERN,7/4/2025,3496,V.G. TRAVE,3,USD,542,0,534
64583,AEREO INTERN,19/4/2025,3440,GIRAMONDO,5,USD,4320,0,4270
64586,REPUBLICA DO,30/4/2025,3836,GASSER LOR,2,USD,1558,0,1513
64592,REPUBLICA DO,30/4/2025,714,LUX TRAVEL,2,USD,1716,1716,1537
64608,SAMANA,8/5/2025,714,LUX TRAVEL,2,USD,2008,2008,1802
64611,GRUPAL EUROP,26/4/2025,1584,ALMAFUERTE,1,USD,7195,5995,5730
64630,AEREO INTERN,6/5/2025,3954,NESTURVIAJ,2,USD,547,0,527
64641,PUNTA CANA,8/4/2025,251,LORENA BOR,8,USD,7132,0,6749
64644,EUROPA,16/4/2025,3418,ARAGONESES,2,USD,911,0,751
64649,AEREO NACION,8/5/2025,714,LUX TRAVEL,8,USD,9120,0,8484
64655,AEREO INTERN,2/5/2025,3416,VIAJEMOS,2,USD,1853,0,1833
64660,AEREO INTERN,7/5/2025,3443,HEY! TRAVE,2,USD,3304,0,3240
64661,AEREO INTERN,15/4/2025,3420,BAE TRAVEL,4,USD,4817,-70,4738
64708,AEREO INTERN,22/4/2025,3418,ARAGONESES,4,USD,5315,0,5199
64710,AEREO INTERN,3/5/2025,3418,ARAGONESES,4,USD,1769,0,1704
64721,AEREO INTERN,3/5/2025,3451,VRC VIAJES,2,USD,2758,0,2681
64733,AEREO INTERN,4/5/2025,714,LUX TRAVEL,2,USD,2722,0,2561
64750,AEREO INTERN,28/4/2025,3440,GIRAMONDO,1,USD,1254,0,1235
64753,MEXICO,5/5/2025,714,LUX TRAVEL,3,USD,2890,0,2738
64754,MEXICO,5/5/2025,714,LUX TRAVEL,3,USD,2151,2151,1740
64757,TICKET,31/3/2025,714,LUX TRAVEL,3,USD,3297,0,3180
64768,AEREO INTERN,2/5/2025,4433,DUSIO LUCI,1,USD,1167,0,1138
64836,MEXICO,31/3/2025,714,LUX TRAVEL,3,USD,2783,2783,2191
64853,AEREO INTERN,15/4/2025,3417,VIAJEMANIA,2,USD,2545,0,2503
64867,AEREO INTERN,24/4/2025,4396,TRIBU TRAV,1,USD,1736,0,1692
64895,AEREO INTERN,30/4/2025,3436,CROWN TRAV,3,USD,4392,0,4333
64906,AEREO INTERN,3/4/2025,3431,PLANETA TI,1,USD,1502,0,1460
64919,AEREO INTERN,3/4/2025,3418,ARAGONESES,4,USD,1208,0,1151
64924,AEREO INTERN,29/4/2025,3440,GIRAMONDO,4,USD,3995,0,3933
64930,REPUBLICA DO,6/5/2025,251,LORENA BOR,2,USD,2571,0,2471
64937,REPUBLICA DO,6/5/2025,251,LORENA BOR,2,USD,1601,1599,1376
64940,AEREO INTERN,5/5/2025,3538,BLUE SCARL,1,USD,1132,0,1107
64953,SAMANA,8/5/2025,714,LUX TRAVEL,2,USD,2300,0,2210
64966,TICKET,5/5/2025,714,LUX TRAVEL,2,USD,2110,0,2050
64980,MEXICO,18/4/2025,714,LUX TRAVEL,6,USD,9517,9517,8534
64985,INDIA,7/4/2025,3651,MBV MARIAN,1,USD,140,0,0
64991,AEREO INTERN,23/4/2025,4540,MORVIAT,3,USD,2174,0,2138
64998,AEREO NACION,22/4/2025,2581,URUK TRAVE,4,PES,1217,0,0
65005,MADRID,25/4/2025,3418,ARAGONESES,3,USD,880,0,788
65026,PLAYA DEL CA,5/5/2025,714,LUX TRAVEL,2,USD,1530,1530,1306
65028,EUROPA,14/4/2025,771,RECIFE TRA,2,USD,2800,0,2656
65032,EUROPA,15/4/2025,771,RECIFE TRA,2,USD,5291,3191,4225
65038,AEREO INTERN,24/4/2025,3435,COLVER TOU,1,USD,0,0,0
65039,AEREO INTERN,24/4/2025,3435,COLVER TOU,1,USD,558,0,538
65044,GRUPAL EGIPT,14/4/2025,258,JAZZ OPERA,1,USD,0,0,2100
65049,AEREO INTERN,17/4/2025,3416,VIAJEMOS,3,PES,819216,0,741381
65057,AEREO INTERN,5/4/2025,3420,BAE TRAVEL,3,USD,24141,0,23354
65062,AEREO INTERN,17/4/2025,3418,ARAGONESES,2,USD,499,0,471
65063,AEREO NACION,29/4/2025,3414,AMV DE MUL,4,PES,2693293,0,2408552
65065,AEREO INTERN,4/4/2025,3418,ARAGONESES,1,USD,1457,0,1417
65066,MADRID,8/4/2025,3418,ARAGONESES,1,USD,2330,0,2233
65092,AEREO INTERN,4/4/2025,3418,ARAGONESES,1,USD,1180,0,1145
65093,REPUBLICA DO,30/4/2025,3836,GASSER LOR,13,USD,6000,6000,5598
65097,MEXICO,10/4/2025,251,LORENA BOR,6,USD,7518,0,7227
65105,EUROPA,28/4/2025,4983,VIANTUR,1,USD,332,0,195
65106,AEREO INTERN,26/4/2025,3420,BAE TRAVEL,2,USD,1109,0,1089
65110,AEREO INTERN,24/4/2025,546,DESERET TR,4,USD,4368,-32,4090
65111,AEREO INTERN,7/4/2025,513,ELMONI VIA,4,USD,4869,0,4792
65114,AEREO INTERN,6/4/2025,4540,MORVIAT,2,USD,628,0,597
65121,AEREO INTERN,29/4/2025,4567,WONDERTRIP,1,USD,1725,0,1691
65122,AEREO INTERN,4/5/2025,714,LUX TRAVEL,2,USD,2404,0,2245
65125,AEREO INTERN,30/3/2025,714,LUX TRAVEL,4,USD,3612,0,3512
65142,MADRID,9/4/2025,3431,PLANETA TI,2,USD,8011,0,7679
65144,AEREO NACION,19/4/2025,3683,KRALLIAN F,2,PES,259500,0,237562
65151,AEREO INTERN,12/4/2025,3415,VIAJES MAR,2,USD,889,0,857
65161,AEREO INTERN,19/4/2025,4987,MUTAL SAND,1,USD,1050,0,999
65171,AEREO INTERN,26/4/2025,3418,ARAGONESES,2,USD,2656,0,2555
65189,AEREO NACION,3/5/2025,3683,KRALLIAN F,2,PES,242391,0,222080
65196,AEREO INTERN,12/4/2025,1271,IM VIAJES,3,USD,4872,0,4663
65206,ROMA,19/4/2025,258,JAZZ OPERA,1,USD,0,0,0
65207,AEREO INTERN,30/4/2025,3433,CITYRAMA,4,USD,762,0,722
65214,AEREO INTERN,19/4/2025,513,ELMONI VIA,1,USD,1571,0,1535
65234,AEREO INTERN,4/5/2025,714,LUX TRAVEL,9,USD,6733,0,6278
65236,AEREO INTERN,4/5/2025,632,TAHITI TRA,3,USD,3206,0,3071
65240,AEREO NACION,31/3/2025,3972,VIVATERRA,3,PES,1409697,0,1255453
65262,AEREO NACION,21/4/2025,3435,COLVER TOU,4,PES,726120,0,657134
65267,MADRID,11/4/2025,3418,ARAGONESES,2,USD,4422,0,4230
65271,AEREO INTERN,8/5/2025,3433,CITYRAMA,1,USD,1148,-1,1138
65274,AEREO INTERN,21/4/2025,3435,COLVER TOU,2,PES,381452,-200,345212
65286,AEREO NACION,21/4/2025,3435,COLVER TOU,3,PES,531486,0,480992
65296,AEREO INTERN,3/4/2025,714,LUX TRAVEL,3,USD,2787,0,2616
65302,AEREO NACION,21/4/2025,3435,COLVER TOU,1,PES,224918,0,203548
65303,AEREO NACION,21/4/2025,3435,COLVER TOU,4,PES,600135,0,543121
65314,AEREO INTERN,7/4/2025,3435,COLVER TOU,5,USD,6533,0,6425
65317,AEREO NACION,21/4/2025,3435,COLVER TOU,1,PES,181530,0,164284
65318,AEREO INTERN,21/4/2025,3435,COLVER TOU,1,PES,190726,0,172606
65319,AEREO INTERN,1/4/2025,3415,VIAJES MAR,17,USD,13104,0,12746
65337,AEREO INTERN,7/4/2025,3435,COLVER TOU,1,USD,1431,0,1407
65347,AEREO NACION,21/4/2025,3435,COLVER TOU,1,PES,18000,0,18000
65354,AEREO INTERN,3/5/2025,714,LUX TRAVEL,2,USD,2292,0,2192
65357,BRASIL,3/4/2025,714,LUX TRAVEL,3,USD,1897,1897,1696
65381,AEREO NACION,21/4/2025,3435,COLVER TOU,2,PES,381452,0,345212
65388,AEREO NACION,21/4/2025,3435,COLVER TOU,1,PES,224918,0,203548
65389,AEREO NACION,21/4/2025,3435,COLVER TOU,2,PES,415644,0,376155
65390,AEREO NACION,21/4/2025,3435,COLVER TOU,2,PES,331564,0,300064
65394,AEREO INTERN,30/4/2025,3423,SOÑAR VIAJ,1,USD,1445,0,1433
65396,AEREO NACION,21/4/2025,3435,COLVER TOU,2,PES,381452,0,345212
65400,AEREO INTERN,7/4/2025,3436,CROWN TRAV,2,USD,1195,0,1175
65401,AEREO INTERN,26/4/2025,3496,V.G. TRAVE,2,USD,4269,0,4181
65404,AEREO INTERN,21/4/2025,3435,COLVER TOU,2,PES,357856,0,323857
65405,AEREO NACION,21/4/2025,3435,COLVER TOU,1,PES,207822,0,188077
65406,AEREO NACION,21/4/2025,3435,COLVER TOU,4,PES,726120,0,657134
65408,AEREO INTERN,17/4/2025,3496,V.G. TRAVE,1,USD,2245,0,2194
65415,AEREO INTERN,5/4/2025,4540,MORVIAT,2,USD,2188,0,2152
65422,AEREO INTERN,1/5/2025,3418,ARAGONESES,2,USD,3471,0,3294
65423,AEREO NACION,21/4/2025,3435,COLVER TOU,1,PES,200849,0,181766
65424,AEREO NACION,21/4/2025,3435,COLVER TOU,3,PES,449835,0,407097
65428,ARUBA,6/4/2025,2935,MBV MARIAN,2,USD,2062,0,1939
65443,MADRID,1/4/2025,3431,PLANETA TI,4,USD,4332,0,4213
65462,AEREO INTERN,17/4/2025,3451,VRC VIAJES,4,USD,6230,0,6101
65469,AEREO NACION,8/5/2025,3414,AMV DE MUL,2,PES,514496,0,460359
65472,AEREO INTERN,5/4/2025,4540,MORVIAT,2,USD,1996,0,1959
65473,AEREO INTERN,26/4/2025,4540,MORVIAT,4,USD,4664,0,4588
65474,AEREO INTERN,2/4/2025,2581,URUK TRAVE,2,USD,2260,0,2205
65479,AEREO INTERN,5/5/2025,3414,AMV DE MUL,2,USD,208,0,185
65482,TICKET,30/4/2025,2551,ABDALA SEB,2,PES,299612,0,273863
65523,AEREO INTERN,25/4/2025,2581,URUK TRAVE,1,USD,1419,0,1385
65525,ESTADOS UNID,6/4/2025,955,CHAU VIAJE,1,USD,320,0,215
65534,AEREO INTERN,5/4/2025,929,LIAGRE VIA,5,USD,2142,0,2062
65564,ISLAS MALDIV,3/5/2025,1090,METROPOLIS,2,USD,4987,0,4889
65565,MADRID,1/4/2025,3431,PLANETA TI,3,USD,3482,0,3305
65572,AEREO INTERN,9/5/2025,3416,VIAJEMOS,2,USD,2484,0,2464
65577,PERU HISTORI,12/4/2025,810,ICONICA LA,2,USD,3139,2855,2585
65582,AEREO NACION,12/4/2025,3421,TSA,2,PES,1363852,-5000,1308616
65601,AEREO INTERN,9/4/2025,3416,VIAJEMOS,2,USD,1747,0,1727
65611,EUROPA,24/4/2025,714,LUX TRAVEL,1,USD,398,0,330
65637,AEREO INTERN,18/4/2025,3435,COLVER TOU,2,USD,1181,0,1121
65652,MADRID,19/4/2025,3431,PLANETA TI,1,USD,1963,0,1901
65676,AEREO INTERN,18/4/2025,1567,RUTUR VIAJ,2,USD,1086,0,1010
65732,PUNTA CANA,3/5/2025,1090,METROPOLIS,6,USD,5426,5426,4933
65736,AEREO INTERN,6/5/2025,1271,IM VIAJES,3,USD,2202,0,2007
65741,AEREO INTERN,6/5/2025,4471,PALERMO MA,1,USD,1100,0,1009
65749,AEREO INTERN,8/4/2025,714,LUX TRAVEL,3,USD,2322,0,2255
65756,AEREO INTERN,12/4/2025,3451,VRC VIAJES,2,USD,3238,0,3152
65763,BAYAHIBE,8/4/2025,714,LUX TRAVEL,2,USD,3115,3115,2768
65778,AEREO INTERN,7/4/2025,3418,ARAGONESES,3,USD,1100,0,1025
65786,CANCUN,2/4/2025,3431,PLANETA TI,4,USD,2186,0,2086
65791,AEREO INTERN,3/5/2025,3418,ARAGONESES,1,USD,134,0,112
65795,MADRID,16/4/2025,3431,PLANETA TI,1,USD,879,0,813
65796,MADRID,16/4/2025,3431,PLANETA TI,2,USD,1626,0,1558
65797,AEREO INTERN,5/5/2025,4540,MORVIAT,3,USD,2494,0,2463
65817,AEREO INTERN,6/4/2025,5033,FERNANDEZ,2,USD,1206,0,1087
65820,AEREO INTERN,30/3/2025,3435,COLVER TOU,2,USD,1331,0,1271
65833,AEREO INTERN,7/5/2025,4540,MORVIAT,6,USD,6398,6398,6136
65835,AEREO INTERN,6/4/2025,5033,FERNANDEZ,1,USD,0,0,0
65836,AEREO INTERN,11/4/2025,3435,COLVER TOU,2,USD,5279,0,5239
65847,AEREO INTERN,2/4/2025,3435,COLVER TOU,2,USD,2576,0,2520
65859,GRUPAL  TURQ,14/4/2025,292,VIAJES TDH,2,USD,7029,3960,5780
65873,PUNTA CANA,30/3/2025,714,LUX TRAVEL,6,USD,5591,5591,4903
65883,AEREO INTERN,30/3/2025,714,LUX TRAVEL,2,USD,2179,2179,2058
65898,AEREO INTERN,3/4/2025,3435,COLVER TOU,1,USD,5292,0,5272
65907,AEREO INTERN,7/5/2025,3435,COLVER TOU,3,USD,796,0,756
65931,PUNTA CANA,3/4/2025,3431,PLANETA TI,2,USD,2574,0,2449
65933,MADRID,10/4/2025,3431,PLANETA TI,2,USD,2378,0,2233
65937,AEREO INTERN,1/5/2025,3416,VIAJEMOS,2,USD,2221,2221,2150
65939,REPUBLICA DO,4/4/2025,2152,RADAR VIAJ,13,USD,14801,-13,14286
65943,ROMA,19/4/2025,3418,ARAGONESES,2,USD,3138,0,2818
65950,AEREO INTERN,9/5/2025,2940,SINDICATO,3,PES,2005290,0,1858312
65953,PUNTA CANA,16/4/2025,714,LUX TRAVEL,2,USD,2174,2174,1931
65960,AEREO INTERN,10/4/2025,4540,MORVIAT,2,USD,1152,0,1115
65964,PUNTA CANA,4/4/2025,2152,RADAR VIAJ,15,USD,12929,12929,11594
65965,MIAMI,30/3/2025,3418,ARAGONESES,2,USD,2206,0,2067
65966,AEREO INTERN,3/4/2025,3435,COLVER TOU,2,USD,5667,0,5627
65970,DUBAI,7/5/2025,3431,PLANETA TI,2,USD,16237,0,15542
65973,MADRID,26/4/2025,4557,SCARAFIA N,5,USD,4000,0,3753
65977,AEREO INTERN,15/4/2025,3416,VIAJEMOS,8,USD,9063,9063,8554
65978,MIAMI,10/4/2025,3443,HEY! TRAVE,6,USD,11685,0,11285
65983,BRASIL,8/4/2025,714,LUX TRAVEL,2,USD,2557,2557,2291
65984,AEREO INTERN,11/4/2025,3435,COLVER TOU,8,USD,13068,0,12818
65992,TICKET,8/4/2025,714,LUX TRAVEL,2,USD,1980,0,1901
66002,AEREO INTERN,3/4/2025,3435,COLVER TOU,2,PES,152578,0,152578
66005,MEXICO,30/3/2025,3418,ARAGONESES,2,USD,3363,1743,3129
66012,AEREO INTERN,6/5/2025,1271,IM VIAJES,1,USD,1778,0,1661
66019,AEREO INTERN,30/3/2025,3435,COLVER TOU,2,USD,0,0,0
66022,AEREO INTERN,19/4/2025,3440,GIRAMONDO,5,USD,0,0,0
66025,AEREO INTERN,16/4/2025,3435,COLVER TOU,1,USD,1106,0,1106
66035,AEREO INTERN,1/5/2025,1271,IM VIAJES,2,USD,1848,1848,1742
66046,AEREO INTERN,12/4/2025,3433,CITYRAMA,2,USD,3726,0,3661
66052,AEREO INTERN,1/4/2025,3496,V.G. TRAVE,3,USD,3731,3731,3615
66062,MADRID,8/5/2025,3418,ARAGONESES,2,USD,3710,3710,3523
66101,AEREO INTERN,17/4/2025,3451,VRC VIAJES,1,USD,0,0,0
66103,AEREO INTERN,3/5/2025,3440,GIRAMONDO,2,USD,0,0,0
66111,PUNTA CANA,2/5/2025,929,LIAGRE VIA,2,USD,2091,2091,1900
66115,AEREO INTERN,19/4/2025,3440,GIRAMONDO,5,USD,0,0,0
66128,AEREO INTERN,19/4/2025,3435,COLVER TOU,2,USD,891,891,829
66134,CHILE,5/5/2025,3418,ARAGONESES,7,USD,6622,0,6169
66146,AEREO INTERN,8/4/2025,4567,WONDERTRIP,4,USD,4224,0,4108
66147,AEREO INTERN,6/4/2025,4567,WONDERTRIP,4,USD,4324,0,4144
66148,MADRID,2/5/2025,929,LIAGRE VIA,1,USD,4336,0,4155
66149,EUROPA,3/5/2025,714,LUX TRAVEL,2,USD,3628,3628,3366
66152,PERU,4/4/2025,3418,ARAGONESES,2,USD,1100,0,1023
66160,AEREO INTERN,31/3/2025,3440,GIRAMONDO,1,USD,0,0,0
66163,AEREO NACION,31/3/2025,3414,AMV DE MUL,2,PES,196032,196032,172606
66180,AEREO NACION,13/4/2025,3423,SOÑAR VIAJ,1,PES,248890,2029,224764
66186,AEREO INTERN,5/5/2025,4325,SOLBO S.A.,3,USD,4777,0,4671
66196,AEREO INTERN,4/4/2025,3435,COLVER TOU,2,USD,704,704,684
66200,AEREO INTERN,3/5/2025,3451,VRC VIAJES,2,PES,12826709,102541,12730537
66205,AEREO INTERN,28/4/2025,513,ELMONI VIA,2,USD,2820,2820,2735
66207,AEREO INTERN,18/4/2025,3435,COLVER TOU,1,USD,0,0,0
66212,AEREO INTERN,3/5/2025,3440,GIRAMONDO,6,USD,1577,1577,1257
66233,AEREO INTERN,13/4/2025,4056,MONTENEGRO,2,USD,3103,3103,2940
66240,DUBAI,7/4/2025,3418,ARAGONESES,2,USD,22646,21270,21820
66250,AEREO NACION,17/4/2025,3435,COLVER TOU,11,PES,1475639,1475639,1311363
66259,AEREO INTERN,17/4/2025,3417,VIAJEMANIA,1,USD,0,0,0
49034,MADRID,20/12/2025,3538,BLUE SCARL,2,USD,4983,0,4368
52863,AEREO INTERN,13/6/2025,3451,VRC VIAJES,2,USD,2753,0,2684
55259,AEREO NACION,8/6/2025,4059,GM TOOLS S,1,PES,511663,0,461871
55283,AEREO INTERN,15/5/2025,4433,DUSIO LUCI,1,USD,1199,0,1189
55784,MADRID,21/6/2025,3418,ARAGONESES,2,USD,11520,0,10970
55857,MADRID,21/5/2025,3431,PLANETA TI,2,USD,153,0,140
56226,MADRID,29/6/2025,3418,ARAGONESES,1,USD,1025,0,929
56248,EUROPA,15/5/2025,1271,IM VIAJES,1,USD,1771,0,1566
56251,MADRID,17/6/2025,3418,ARAGONESES,5,USD,102,0,100
56283,MADRID,26/6/2025,3418,ARAGONESES,2,USD,1344,0,1220
56399,MADRID,26/6/2025,3418,ARAGONESES,1,USD,184,0,170
56623,MADRID,26/6/2025,3443,HEY! TRAVE,2,USD,790,0,660
56722,MADRID,5/7/2025,4009,VALERIA FO,4,USD,8406,0,9221
56803,MADRID,9/7/2025,3443,HEY! TRAVE,1,USD,2264,0,2125
56875,MADRID,26/6/2025,3431,PLANETA TI,3,USD,148,0,145
56918,MADRID,30/6/2025,3413,YANNAI TUR,1,USD,1373,0,1241
56966,MADRID,22/6/2025,3431,PLANETA TI,1,USD,209,0,195
56974,AEREO INTERN,11/5/2025,3420,BAE TRAVEL,3,USD,6468,0,6382
57084,MADRID,23/5/2025,4639,GOBACK VIA,1,USD,329,0,212
57113,MADRID,28/5/2025,3418,ARAGONESES,1,USD,1389,0,1316
57127,MADRID,20/5/2025,3418,ARAGONESES,3,USD,4050,0,3815
57136,MADRID,13/7/2025,3418,ARAGONESES,1,USD,1696,0,1663
57143,EUROPA,14/6/2025,2400,SUNFLOWER,1,USD,1646,0,1514
57161,ESTADOS UNID,11/5/2025,4613,BRAVO MICA,4,USD,4428,0,3829
57246,EUROPA,16/5/2025,4656,CHOCHA POR,2,USD,2355,0,2128
57255,MADRID,26/5/2025,3429,POR EL MUN,2,USD,3128,0,2961
57269,CANCUN,19/5/2025,3306,DELTA TURI,2,USD,2419,0,1991
57312,EUROPA,31/5/2025,2400,SUNFLOWER,4,USD,4781,0,4347
57322,EUROPA,31/5/2025,2400,SUNFLOWER,3,USD,4400,0,4013
57357,MADRID,3/7/2025,3418,ARAGONESES,1,USD,560,0,516
57371,AEREO INTERN,15/5/2025,3441,GROUND OPE,2,PES,3990429,0,3955048
57374,MADRID,5/7/2025,3418,ARAGONESES,1,USD,3086,0,2819
57553,CANCUN,26/5/2025,4656,CHOCHA POR,4,USD,3996,0,3554
57561,CANCUN,27/5/2025,4656,CHOCHA POR,4,USD,2904,0,2564
57641,MADRID,19/5/2025,3418,ARAGONESES,1,USD,5734,0,5529
57667,MADRID,8/7/2025,4009,VALERIA FO,1,USD,1348,0,1084
57688,MADRID,22/7/2025,4635,ZUBELDIA V,2,USD,207,0,182
57700,EUROPA,15/5/2025,3306,DELTA TURI,2,USD,2478,0,2249
57801,EUROPA,15/5/2025,3306,DELTA TURI,2,USD,2478,0,2248
57940,ROMA,30/7/2025,4639,GOBACK VIA,1,USD,4857,0,4632
57983,MADRID,17/7/2025,3418,ARAGONESES,1,USD,75,0,74
57992,EUROPA,31/5/2025,3306,DELTA TURI,2,USD,2330,0,2088
58001,MADRID,19/7/2025,3418,ARAGONESES,1,USD,937,0,873
58021,MADRID,25/6/2025,3443,HEY! TRAVE,1,USD,183,0,170
58061,EUROPA,5/7/2025,3306,DELTA TURI,2,USD,3528,0,3278
58069,MADRID,13/5/2025,4639,GOBACK VIA,2,USD,3067,0,2934
58073,AEREO INTERN,4/6/2025,4098,RELAJATE V,3,USD,79,-191,78
58093,MADRID,20/7/2025,3418,ARAGONESES,2,USD,570,0,510
58135,MADRID,7/7/2025,3418,ARAGONESES,5,USD,184,0,180
58150,MADRID,25/7/2025,3418,ARAGONESES,1,USD,1240,0,1163
58179,EUROPA,7/7/2025,3306,DELTA TURI,2,USD,3153,2167,2744
58329,MADRID,24/5/2025,3418,ARAGONESES,2,USD,2830,0,2572
58356,MADRID,6/6/2025,3429,POR EL MUN,1,USD,481,0,410
58467,GRUPAL JOYAS,15/5/2025,3892,A-TITOUR,2,USD,11164,8364,10563
58508,MADRID,3/6/2025,3418,ARAGONESES,4,USD,82,0,80
58571,MADRID,19/5/2025,3418,ARAGONESES,1,USD,4151,0,3969
58575,PUNTA CANA,21/6/2025,4127,CELTIC TRA,1,USD,966,0,846
58754,MADRID,11/7/2025,3423,SOÑAR VIAJ,2,USD,114,0,90
58854,MADRID,23/5/2025,3569,NO USAR DI,2,USD,2816,0,2575
58935,ESPAÑA,26/5/2025,4567,WONDERTRIP,3,USD,4607,0,4279
59024,MADRID,11/7/2025,3420,BAE TRAVEL,4,USD,19614,0,17997
59032,MADRID,9/7/2025,4635,ZUBELDIA V,1,USD,2540,0,2369
59048,AEREO INTERN,27/5/2025,3435,COLVER TOU,6,USD,5665,0,5516
59073,MADRID,25/7/2025,3418,ARAGONESES,2,USD,2394,0,2240
59078,MADRID,10/7/2025,3431,PLANETA TI,4,USD,13600,0,12814
59125,MADRID,9/7/2025,4635,ZUBELDIA V,1,USD,2539,0,2369
59127,MADRID,9/7/2025,4635,ZUBELDIA V,1,USD,2539,0,2369
59134,MADRID,9/7/2025,4635,ZUBELDIA V,8,USD,20312,0,18952
59135,MADRID,9/7/2025,4635,ZUBELDIA V,1,USD,2096,0,1950
59139,MADRID,9/7/2025,4635,ZUBELDIA V,6,USD,17801,0,16583
59141,MADRID,9/7/2025,4635,ZUBELDIA V,2,USD,3256,0,2949
59163,MADRID,9/7/2025,4635,ZUBELDIA V,1,USD,2539,0,2369
59164,MADRID,27/5/2025,4567,WONDERTRIP,1,USD,1327,0,1211
59165,MADRID,9/7/2025,4635,ZUBELDIA V,2,USD,5078,0,4738
59177,AEREO INTERN,9/7/2025,4635,ZUBELDIA V,2,PES,6736413,0,6619558
59211,MADRID,3/7/2025,4635,ZUBELDIA V,1,USD,2468,0,2295
59239,AEREO INTERN,29/5/2025,632,TAHITI TRA,2,USD,7156,0,6443
59240,MADRID,26/5/2025,918,BCTURISMO,2,USD,3730,0,3477
59269,MADRID,11/8/2025,3443,HEY! TRAVE,1,USD,126,0,113
59392,MADRID,14/6/2025,3569,NO USAR DI,2,USD,3041,0,2799
59481,MADRID,15/5/2025,2935,MBV MARIAN,3,USD,4530,0,4165
59488,AEREO INTERN,18/7/2025,3441,GROUND OPE,3,USD,4455,0,4338
59498,MADRID,1/8/2025,4731,SAN RAFAEL,2,USD,5639,0,5349
59601,EUROPA,5/7/2025,3306,DELTA TURI,5,USD,8848,0,8493
59614,MADRID,1/7/2025,4635,ZUBELDIA V,2,USD,5016,0,4609
59770,MADRID,15/8/2025,4635,ZUBELDIA V,2,USD,3088,0,2820
59858,AEREO INTERN,30/7/2025,3441,GROUND OPE,3,PES,1288214,-6,1259234
59867,AEREO INTERN,24/7/2025,3441,GROUND OPE,3,PES,1650221,0,1615156
59922,MADRID,1/6/2025,3418,ARAGONESES,1,USD,1184,0,1019
59924,ESTADOS UNID,7/6/2025,4127,CELTIC TRA,4,USD,3873,0,3326
59967,AEREO INTERN,11/7/2025,3416,VIAJEMOS,4,USD,2573,0,2573
60010,EUROPA,26/6/2025,1090,METROPOLIS,2,USD,2909,0,2671
60040,MADRID,6/6/2025,3418,ARAGONESES,2,USD,6370,0,6038
60048,GRUPAL JOYAS,12/6/2025,872,FEDERADA T,2,USD,11119,0,10020
60120,CUBA,18/5/2025,251,LORENA BOR,4,USD,4103,0,3719
60127,CUBA,18/5/2025,251,LORENA BOR,4,USD,1299,1299,1120
60144,ESTADOS UNID,26/8/2025,3418,ARAGONESES,1,USD,195,0,170
60160,MADRID,12/5/2025,714,LUX TRAVEL,3,USD,4102,0,3764
60161,AEREO INTERN,16/5/2025,4601,SOY CREADO,2,USD,2589,0,2524
60163,EUROPA,14/6/2025,4370,SOCIAL MED,2,USD,3779,0,3486
60167,EUROPA,14/5/2025,4127,CELTIC TRA,4,USD,6520,0,5869
60217,MADRID,13/7/2025,3435,COLVER TOU,10,USD,22519,0,20603
60229,PLAYA DEL CA,1/6/2025,714,LUX TRAVEL,2,USD,2059,0,1807
60230,PLAYA DEL CA,1/6/2025,714,LUX TRAVEL,2,USD,3445,3445,3068
60306,MADRID,9/8/2025,714,LUX TRAVEL,2,USD,2939,0,2686
60352,MADRID,9/7/2025,4635,ZUBELDIA V,1,USD,2569,0,2419
60376,PUNTA CANA,14/6/2025,714,LUX TRAVEL,2,USD,2433,0,2202
60377,PUNTA CANA,14/6/2025,714,LUX TRAVEL,2,USD,1860,1860,1595
60400,AEREO NACION,1/9/2025,3954,NESTURVIAJ,1,USD,436,0,436
60504,MADRID,7/7/2025,3538,BLUE SCARL,2,USD,3566,0,3192
60515,MADRID,7/8/2025,3418,ARAGONESES,1,USD,164,0,109
60525,MADRID,19/7/2025,3418,ARAGONESES,3,USD,2413,0,2061
60548,EUROPA,19/5/2025,1090,METROPOLIS,2,USD,806,0,530
60568,MADRID,10/8/2025,3435,COLVER TOU,2,USD,670,0,556
60619,AEREO INTERN,15/5/2025,513,ELMONI VIA,4,USD,5012,0,4930
60620,AEREO INTERN,15/5/2025,513,ELMONI VIA,2,USD,2662,0,2621
60660,REPUBLICA DO,12/7/2025,4370,SOCIAL MED,12,USD,17237,0,15751
60704,MADRID,26/8/2025,3429,POR EL MUN,1,USD,393,-3,352
60875,MADRID,6/6/2025,3431,PLANETA TI,5,USD,1723,0,1591
60887,TICKET,13/6/2025,3496,V.G. TRAVE,1,PES,1296143,0,1281669
60889,AEREO INTERN,13/6/2025,3426,RUBEN GARC,1,USD,894,0,870
60999,GRUPAL EUROP,17/5/2025,3676,EUGENIA VI,2,USD,10188,1188,7447
61044,MADRID,26/8/2025,3429,POR EL MUN,1,USD,110,0,79
61076,MADRID,24/5/2025,4731,SAN RAFAEL,2,USD,9517,0,9091
61083,EUROPA,3/7/2025,251,LORENA BOR,2,USD,4269,0,4038
61096,MADRID,12/5/2025,3418,ARAGONESES,1,USD,1928,0,1816
61098,MADRID,25/5/2025,3437,DESTINOS A,2,USD,2947,0,2776
61110,AEREO INTERN,8/6/2025,4009,VALERIA FO,2,USD,420,0,350
61137,MADRID,17/8/2025,3423,SOÑAR VIAJ,2,USD,400,0,360
61142,GRUPAL JOYAS,12/6/2025,258,JAZZ OPERA,1,USD,0,0,2300
61144,GRUPAL JOYAS,22/5/2025,258,JAZZ OPERA,1,USD,0,0,2300
61220,MADRID,5/7/2025,4372,SOCIAL MED,4,USD,6188,0,5878
61290,GRUPAL EUROP,17/5/2025,3676,EUGENIA VI,2,USD,10187,6187,7446
61401,MADRID,9/7/2025,4009,VALERIA FO,4,USD,7430,0,6802
61455,GRUPAL  TURQ,26/5/2025,1838,TURISMO LA,3,USD,10877,4877,9883
61457,EUROPA,3/7/2025,251,LORENA BOR,2,USD,4137,3983,3712
61467,MADRID,24/8/2025,3418,ARAGONESES,2,USD,820,0,800
61488,AEREO INTERN,18/6/2025,3416,VIAJEMOS,1,USD,646,0,636
61497,MADRID,18/9/2025,3443,HEY! TRAVE,1,USD,283,0,268
61500,MADRID,12/9/2025,3443,HEY! TRAVE,1,USD,577,0,535
61501,MADRID,24/9/2025,3443,HEY! TRAVE,1,USD,247,0,231
61530,MADRID,27/8/2025,3431,PLANETA TI,1,USD,153,0,140
61531,GRUPAL EUROP,17/5/2025,3676,EUGENIA VI,1,USD,5095,2095,3723
61548,MADRID,10/6/2025,3418,ARAGONESES,3,USD,5532,0,5212
61621,REPUBLICA DO,24/5/2025,991,ILUSIONES,1,USD,587,587,523
61670,EUROPA,23/7/2025,714,LUX TRAVEL,4,USD,5850,0,5341
61679,REPUBLICA DO,24/5/2025,991,ILUSIONES,1,USD,1096,0,983
61688,ESTADOS UNID,18/7/2025,4078,ZAFIRO VIA,3,USD,5464,0,4913
61700,MADRID,10/9/2025,3418,ARAGONESES,1,USD,370,0,330
61719,MADRID,30/5/2025,3418,ARAGONESES,2,USD,6953,0,6409
61733,EUROPA,16/6/2025,714,LUX TRAVEL,2,USD,4008,0,3632
61791,MADRID,20/8/2025,3418,ARAGONESES,1,USD,206,0,170
61827,MADRID,11/6/2025,3418,ARAGONESES,1,USD,1441,0,1317
61850,MADRID,14/5/2025,3431,PLANETA TI,1,USD,233,0,210
61890,MADRID,12/5/2025,3569,NO USAR DI,3,USD,4637,0,4274
61904,MADRID,21/6/2025,3418,ARAGONESES,2,USD,2890,0,2736
61910,EUROPA,19/5/2025,929,LIAGRE VIA,2,USD,3338,0,3136
61915,TURQUIA,4/8/2025,1404,NO USAR VI,2,USD,3620,0,3268
61963,EUROPA,9/8/2025,714,LUX TRAVEL,2,USD,2389,0,2142
61981,MADRID,22/5/2025,3418,ARAGONESES,3,USD,678,0,577
62015,MADRID,14/5/2025,3443,HEY! TRAVE,1,USD,3172,-1,3041
62037,AEREO NACION,19/7/2025,3435,COLVER TOU,8,USD,18451,0,18371
62067,PERU HISTORI,12/7/2025,1128,VICENT TUR,2,USD,3344,2758,2493
62086,AEREO INTERN,5/8/2025,3435,COLVER TOU,8,USD,1242,0,1242
62094,AEREO INTERN,3/8/2025,3435,COLVER TOU,8,USD,554,0,473
62103,AEREO INTERN,6/7/2025,4009,VALERIA FO,2,USD,4010,0,3916
62116,MADRID,21/7/2025,4009,VALERIA FO,1,USD,2321,0,2089
62141,MADRID,24/9/2025,3431,PLANETA TI,2,USD,1320,0,1131
62177,RIO DE JANEI,13/5/2025,1135,ANTONIETTI,2,USD,1164,0,954
62178,RIO DE JANEI,13/5/2025,1135,ANTONIETTI,2,USD,1079,323,863
62265,EUROPA,7/6/2025,1271,IM VIAJES,1,USD,280,0,169
62284,AEREO INTERN,2/8/2025,3416,VIAJEMOS,2,USD,1795,0,1795
62365,AEREO INTERN,6/6/2025,3451,VRC VIAJES,2,USD,1375,0,1335
62375,AEREO INTERN,15/6/2025,3435,COLVER TOU,1,USD,217,0,197
62482,MADRID,10/10/2025,3418,ARAGONESES,1,USD,2654,0,2553
62505,REPUBLICA DO,22/6/2025,714,LUX TRAVEL,2,USD,2000,-2,1779
62549,REPUBLICA DO,22/6/2025,714,LUX TRAVEL,2,USD,1618,1618,1400
62568,PUNTA CANA,12/7/2025,4370,SOCIAL MED,15,USD,10115,10115,9046
62574,AEREO INTERN,18/6/2025,3416,VIAJEMOS,1,USD,623,0,613
62586,EUROPA,15/5/2025,1271,IM VIAJES,1,USD,1659,0,1543
62619,REPUBLICA DO,3/7/2025,714,LUX TRAVEL,5,USD,4446,0,3900
62621,REPUBLICA DO,3/7/2025,714,LUX TRAVEL,5,USD,3455,3455,2986
62656,AEREO INTERN,3/6/2025,3435,COLVER TOU,2,USD,351,0,331
62658,AEREO INTERN,20/5/2025,3435,COLVER TOU,2,USD,2720,0,2700
62664,TICKET,4/7/2025,632,TAHITI TRA,2,USD,4128,0,4065
62665,TICKET,1/12/2025,1271,IM VIAJES,1,PES,216193,0,192494
62718,MADRID,20/10/2025,3416,VIAJEMOS,1,USD,188,0,155
62721,ESTADOS UNID,7/7/2025,929,LIAGRE VIA,3,USD,4419,0,4187
62724,GRUPAL  TURQ,26/5/2025,4859,TRAVEL BOU,2,USD,6036,3735,5518
62726,MADRID,12/6/2025,3435,COLVER TOU,1,USD,1465,0,1391
62737,EUROPA,7/7/2025,3306,DELTA TURI,4,USD,8655,0,8124
62832,MADRID,7/9/2025,3418,ARAGONESES,1,USD,2120,0,1990
62839,MADRID,28/6/2025,991,ILUSIONES,1,USD,2398,0,2261
62841,AEREO INTERN,26/6/2025,4540,MORVIAT,3,USD,7548,0,7454
62902,EUROPA,16/8/2025,4370,SOCIAL MED,1,USD,1831,0,1705
62961,MADRID,12/5/2025,3431,PLANETA TI,1,USD,2307,0,2167
62962,MADRID,31/7/2025,3423,SOÑAR VIAJ,1,USD,1616,0,1535
62980,MADRID,11/10/2025,4635,ZUBELDIA V,2,USD,495,0,426
62998,AEREO INTERN,6/7/2025,4009,VALERIA FO,1,USD,1982,-1,1955
63076,MADRID,19/7/2025,3426,RUBEN GARC,2,USD,4812,0,4543
63105,MADRID,31/5/2025,3418,ARAGONESES,2,USD,2730,0,2448
63123,MADRID,19/6/2025,3418,ARAGONESES,1,USD,4111,0,3764
63157,EUROPA,4/7/2025,3306,DELTA TURI,2,USD,3228,0,2984
63305,MADRID,26/6/2025,3431,PLANETA TI,2,USD,4370,0,4084
63308,AEREO INTERN,11/5/2025,3435,COLVER TOU,2,USD,2518,0,2447
63348,AEREO INTERN,24/5/2025,3440,GIRAMONDO,5,USD,5352,0,5321
63370,AEREO INTERN,24/8/2025,3432,PERFECT TR,1,USD,1644,0,1634
63375,ESTADOS UNID,14/5/2025,4396,TRIBU TRAV,5,USD,3487,0,3312
63415,AEREO INTERN,11/5/2025,3435,COLVER TOU,7,USD,4761,0,4691
63416,BARCELONA,27/5/2025,3423,SOÑAR VIAJ,4,USD,4958,0,4668
63430,AEREO INTERN,17/5/2025,3416,VIAJEMOS,3,USD,4250,0,4193
63434,AEREO INTERN,16/8/2025,3435,COLVER TOU,1,USD,1142,0,1127
63437,AEREO INTERN,13/6/2025,3954,NESTURVIAJ,1,USD,955,0,915
63441,EUROPA,15/7/2025,3569,NO USAR DI,2,USD,4320,1,4052
63446,AEREO INTERN,19/9/2025,3420,BAE TRAVEL,4,USD,13608,0,13480
63461,AEREO INTERN,11/9/2025,3435,COLVER TOU,1,USD,1044,0,1034
63463,AEREO INTERN,23/5/2025,3420,BAE TRAVEL,4,USD,6987,0,6834
63477,CANCUN,24/5/2025,1271,IM VIAJES,2,USD,2620,0,2369
63482,PUNTA CANA,17/5/2025,714,LUX TRAVEL,3,USD,3378,0,3018
63499,AEREO INTERN,23/5/2025,3420,BAE TRAVEL,3,PES,173721,0,171235
63552,MADRID,30/5/2025,3418,ARAGONESES,1,USD,1666,0,1546
63563,REPUBLICA DO,17/5/2025,714,LUX TRAVEL,3,USD,1318,1318,1122
63574,AEREO INTERN,2/8/2025,3435,COLVER TOU,4,USD,5242,0,5169
63596,CARTAGENA,20/5/2025,4888,MAYFLY,2,USD,1538,1538,1365
63602,CANCUN,24/5/2025,3431,PLANETA TI,3,USD,698,0,588
63607,AEREO INTERN,28/7/2025,3435,COLVER TOU,2,USD,2133,0,2099
63614,CANCUN,17/7/2025,3431,PLANETA TI,4,USD,3488,0,3264
63620,AEREO INTERN,10/5/2025,3435,COLVER TOU,2,USD,2605,0,2569
63622,EUROPA,13/5/2025,1833,QUIROGA TU,1,USD,1792,0,1608
63648,ROMA,21/5/2025,3418,ARAGONESES,1,USD,1345,0,1251
63649,AEREO INTERN,14/5/2025,3420,BAE TRAVEL,2,USD,3343,0,3288
63663,AEREO INTERN,27/9/2025,3435,COLVER TOU,2,USD,2425,0,2347
63675,LONDRES,28/5/2025,3418,ARAGONESES,4,USD,6105,0,5584
63683,AEREO INTERN,18/5/2025,513,ELMONI VIA,7,USD,5964,0,5819
63684,AEREO INTERN,14/7/2025,513,ELMONI VIA,1,USD,1835,0,1701
63688,EUROPA,4/6/2025,714,LUX TRAVEL,1,USD,1267,-1,1164
63725,AEREO INTERN,15/7/2025,3416,VIAJEMOS,3,USD,5475,0,5310
63768,MADRID,30/6/2025,3431,PLANETA TI,2,USD,7018,0,6631
63777,AEREO INTERN,20/5/2025,3440,GIRAMONDO,1,USD,1407,0,1397
63780,AEREO INTERN,30/5/2025,3435,COLVER TOU,2,USD,156,0,96
63791,AEREO INTERN,18/8/2025,3433,CITYRAMA,2,USD,3107,0,3093
63792,AEREO INTERN,3/7/2025,4540,MORVIAT,12,USD,12598,0,12267
63809,AEREO INTERN,15/7/2025,3435,COLVER TOU,6,USD,6552,0,6492
63839,AEREO INTERN,21/5/2025,551,MARA VIAJE,2,USD,2894,0,2836
63849,EUROPA,13/6/2025,1271,IM VIAJES,1,USD,220,0,140
63855,BAYAHIBE,18/6/2025,1988,TOURISM IN,25,USD,19070,18870,16397
63868,MADRID,18/9/2025,3431,PLANETA TI,2,USD,570,0,536
63875,MADRID,13/10/2025,3418,ARAGONESES,1,USD,832,0,766
63898,AEREO INTERN,6/8/2025,3435,COLVER TOU,2,USD,5219,0,5165
63912,AEREO INTERN,17/5/2025,3426,RUBEN GARC,2,PES,810098,0,798504
63920,AEREO INTERN,3/9/2025,4540,MORVIAT,5,USD,4459,0,4233
63933,GRUPAL EUROP,17/5/2025,3676,EUGENIA VI,2,USD,10186,7186,7505
63938,AEREO INTERN,19/7/2025,3435,COLVER TOU,3,USD,2647,0,2603
63940,GRUPAL  TURQ,26/5/2025,1838,TURISMO LA,1,USD,3973,2473,3289
63941,AEREO INTERN,19/7/2025,3428,SENECA TUR,7,USD,8202,0,8132
63950,GRUPAL TURQU,1/6/2025,258,JAZZ OPERA,1,USD,0,0,1360
63955,GRUPAL TURQU,21/6/2025,258,JAZZ OPERA,1,USD,0,0,1530
63966,MADRID,6/8/2025,3418,ARAGONESES,2,USD,3714,0,3641
64008,AEREO NACION,23/7/2025,3435,COLVER TOU,5,PES,1127683,0,1020542
64018,MADRID,4/10/2025,3418,ARAGONESES,1,USD,282,0,252
64041,AEREO INTERN,2/6/2025,3435,COLVER TOU,2,USD,2945,0,2907
64043,MADRID,14/11/2025,3418,ARAGONESES,2,USD,814,0,702
64049,AEREO INTERN,29/8/2025,714,LUX TRAVEL,4,USD,3413,0,3256
64096,AEREO INTERN,11/7/2025,3451,VRC VIAJES,5,USD,9197,0,8961
64097,AEREO NACION,28/5/2025,3421,TSA,1,PES,76997,0,69003
64098,AEREO INTERN,31/5/2025,3421,TSA,1,USD,152,0,142
64127,BRASIL,16/5/2025,4370,SOCIAL MED,1,USD,1515,0,1395
64158,AEREO NACION,12/9/2025,1063,ROQUE ALLE,5,PES,1414540,0,1394540
64164,AEREO INTERN,1/8/2025,3420,BAE TRAVEL,4,USD,1100,0,980
64192,AEREO NACION,25/5/2025,3421,TSA,4,PES,382876,0,341507
64205,AEREO INTERN,21/5/2025,3435,COLVER TOU,2,USD,192,0,171
64217,AEREO INTERN,24/5/2025,3904,CROMATIKA,4,USD,6552,0,6373
64242,MADRID,21/7/2025,3418,ARAGONESES,5,USD,7909,0,7388
64244,MADRID,6/11/2025,3418,ARAGONESES,1,USD,6320,0,6154
64249,AEREO NACION,16/8/2025,1063,ROQUE ALLE,2,PES,0,0,0
64250,AEREO NACION,16/8/2025,1063,ROQUE ALLE,23,PES,7191985,-530962,6252435
64260,MADRID,19/11/2025,3418,ARAGONESES,1,USD,715,0,655
64261,MADRID,15/6/2025,3418,ARAGONESES,2,USD,700,0,580
64263,PUNTA CANA,5/7/2025,714,LUX TRAVEL,6,USD,6330,-7,5632
64265,CANCUN,8/7/2025,714,LUX TRAVEL,13,USD,17606,0,16475
64288,PLAYA DEL CA,5/7/2025,714,LUX TRAVEL,6,USD,4637,4637,3958
64289,CANCUN,8/7/2025,714,LUX TRAVEL,13,USD,14485,14485,13441
64291,GRUPAL EUROP,31/5/2025,2132,YAKARTA VI,2,USD,12382,7927,8965
64298,AEREO INTERN,11/6/2025,3416,VIAJEMOS,2,USD,3410,0,3366
64299,AEREO INTERN,21/8/2025,3416,VIAJEMOS,2,USD,1160,0,1148
64309,AEREO INTERN,28/5/2025,3435,COLVER TOU,2,USD,2978,0,2938
64332,PUNTA CANA,18/5/2025,714,LUX TRAVEL,3,USD,3486,0,3131
64352,EUROPA,2/9/2025,3306,DELTA TURI,2,USD,918,0,640
64354,EUROPA,1/9/2025,929,LIAGRE VIA,2,USD,3237,0,3044
64367,AEREO INTERN,2/8/2025,3423,SOÑAR VIAJ,6,USD,7219,0,7159
64386,AEREO NACION,16/8/2025,1063,ROQUE ALLE,2,PES,829181,0,713419
64398,EUROPA,19/5/2025,714,LUX TRAVEL,1,USD,1517,0,1414
64401,AEREO INTERN,30/7/2025,3416,VIAJEMOS,4,USD,0,0,0
64402,AEREO INTERN,30/7/2025,3416,VIAJEMOS,4,USD,5221,0,5181
64427,AEREO INTERN,20/5/2025,3435,COLVER TOU,2,USD,5584,0,5550
64440,AEREO INTERN,5/7/2025,3904,CROMATIKA,5,USD,10995,0,10848
64443,AEREO INTERN,9/6/2025,714,LUX TRAVEL,2,USD,1948,0,1854
64449,AEREO INTERN,21/7/2025,3413,YANNAI TUR,3,USD,3724,0,3611
64456,MIAMI,13/9/2025,3418,ARAGONESES,3,USD,440,0,384
64459,GRUPAL JOYAS,15/5/2025,258,JAZZ OPERA,1,USD,0,0,1818
64461,GRUPAL  TURQ,8/6/2025,258,JAZZ OPERA,1,USD,0,0,1760
64465,GRUPAL  TURQ,26/5/2025,258,JAZZ OPERA,1,USD,0,0,1760
64475,GRUPAL TURQU,1/6/2025,4970,TRAVEL SER,2,USD,6937,0,5525
64476,MEXICO,7/7/2025,714,LUX TRAVEL,4,USD,2331,2331,2088
64478,AEREO INTERN,21/6/2025,4540,MORVIAT,2,USD,3294,0,3232
64479,MEXICO,7/7/2025,714,LUX TRAVEL,4,USD,3464,-51,3196
64482,GRUPAL TURQU,1/6/2025,4970,TRAVEL SER,2,USD,6937,0,5525
64490,AEREO NACION,16/8/2025,1063,ROQUE ALLE,1,PES,537442,0,471120
64498,AEREO INTERN,1/8/2025,3416,VIAJEMOS,2,USD,2611,0,2591
64504,AEREO INTERN,15/5/2025,3435,COLVER TOU,2,USD,1378,0,1358
64507,AEREO INTERN,2/6/2025,3435,COLVER TOU,3,USD,3143,0,3093
64537,AEREO INTERN,15/9/2025,3435,COLVER TOU,3,PES,605515,0,547986
64538,REPUBLICA DO,7/7/2025,714,LUX TRAVEL,4,USD,2331,2331,2088
64542,ROMA,19/7/2025,3426,RUBEN GARC,2,USD,232,0,223
64543,MEXICO,7/7/2025,714,LUX TRAVEL,4,USD,3544,0,3392
64544,AEREO INTERN,2/8/2025,1271,IM VIAJES,1,USD,1565,0,1408
64546,AEREO INTERN,28/5/2025,3435,COLVER TOU,2,USD,1346,0,1326
64561,PUNTA CANA,16/6/2025,714,LUX TRAVEL,4,USD,4184,0,3860
64577,REPUBLICA DO,16/6/2025,714,LUX TRAVEL,5,USD,3931,3931,3523
64581,PUNTA CANA,13/6/2025,929,LIAGRE VIA,3,USD,2278,1778,2040
64584,AEREO INTERN,19/7/2025,4945,WANDA YANI,3,USD,3874,0,3642
64585,AEREO INTERN,19/7/2025,4946,ANDRES ADR,1,USD,1242,0,1214
64590,REPUBLICA DO,14/9/2025,714,LUX TRAVEL,2,USD,1165,1165,1042
64603,REPUBLICA DO,18/5/2025,2935,MBV MARIAN,2,USD,2040,0,2013
64604,REPUBLICA DO,18/5/2025,2935,MBV MARIAN,2,USD,1865,1865,1607
64618,AEREO INTERN,22/5/2025,929,LIAGRE VIA,2,USD,3338,0,3288
64622,EUROPA,5/7/2025,3418,ARAGONESES,1,USD,5965,0,5748
64627,AEREO INTERN,18/7/2025,3436,CROWN TRAV,4,USD,0,0,0
64639,AEREO INTERN,12/5/2025,929,LIAGRE VIA,2,USD,2581,0,2541
64640,AEREO INTERN,13/6/2025,929,LIAGRE VIA,3,USD,2472,0,2412
64651,AEREO INTERN,15/5/2025,3435,COLVER TOU,4,USD,1256,0,1216
64654,TICKET,18/7/2025,3436,CROWN TRAV,4,USD,1890,0,1850
64671,AEREO NACION,24/5/2025,1271,IM VIAJES,1,PES,796184,0,752117
64672,AEREO NACION,9/10/2025,1271,IM VIAJES,9,PES,1239201,0,1229959
64674,AEREO INTERN,30/6/2025,3447,MI PROXIMO,1,USD,1776,0,1741
64676,AEREO INTERN,15/8/2025,3496,V.G. TRAVE,2,USD,2522,0,2472
64681,AEREO INTERN,16/5/2025,3433,CITYRAMA,1,USD,1048,0,1023
64682,AEREO INTERN,9/6/2025,3451,VRC VIAJES,1,USD,1160,0,1144
64688,EUROPA,17/5/2025,929,LIAGRE VIA,3,USD,1710,0,1330
64690,AEREO INTERN,30/5/2025,3418,ARAGONESES,4,USD,6419,0,6199
64696,AEREO INTERN,16/6/2025,714,LUX TRAVEL,1,USD,966,0,902
64701,AEREO INTERN,17/5/2025,3954,NESTURVIAJ,3,USD,772,0,742
64702,AEREO INTERN,17/5/2025,3954,NESTURVIAJ,4,USD,1030,0,990
64717,AEREO INTERN,19/7/2025,3496,V.G. TRAVE,2,USD,4750,0,4662
64724,AEREO INTERN,13/5/2025,3435,COLVER TOU,2,USD,2007,0,1975
64726,GRUPAL  TURQ,26/5/2025,251,LORENA BOR,2,USD,6273,2667,4917
64729,AEREO INTERN,4/10/2025,3451,VRC VIAJES,9,USD,7462,0,7355
64734,AEREO INTERN,2/8/2025,1271,IM VIAJES,1,USD,1565,0,1408
64735,AEREO INTERN,28/5/2025,3496,V.G. TRAVE,2,USD,2027,0,1947
64737,AEREO INTERN,6/10/2025,3435,COLVER TOU,1,USD,209,0,207
64739,AEREO INTERN,30/5/2025,3416,VIAJEMOS,4,USD,4263,0,4083
64741,BRASIL,16/10/2025,3431,PLANETA TI,2,USD,888,0,822
64743,AEREO INTERN,17/5/2025,929,LIAGRE VIA,1,USD,1539,-2461,1514
64760,AEREO INTERN,15/5/2025,4433,DUSIO LUCI,2,USD,3657,0,3637
64790,AEREO INTERN,16/5/2025,3435,COLVER TOU,3,USD,4294,0,4182
64793,AEREO INTERN,20/5/2025,3435,COLVER TOU,2,USD,653,0,623
64796,AEREO INTERN,17/5/2025,991,ILUSIONES,1,USD,1237,0,1201
64803,AEREO INTERN,21/8/2025,3812,RODOLFO LU,2,USD,2233,-1,2164
64804,AEREO INTERN,19/6/2025,4601,SOY CREADO,3,USD,1502,0,1482
64810,GRUPAL  TURQ,8/9/2025,258,JAZZ OPERA,1,USD,0,0,1760
64811,GRUPAL  TURQ,16/9/2025,258,JAZZ OPERA,1,USD,0,0,1760
64830,PUNTA CANA,7/6/2025,258,JAZZ OPERA,1,USD,0,0,0
64832,AEREO INTERN,2/8/2025,1271,IM VIAJES,1,USD,1565,0,1408
64854,AEREO INTERN,29/8/2025,3496,V.G. TRAVE,4,USD,5045,0,4917
64855,AEREO INTERN,15/6/2025,3451,VRC VIAJES,5,USD,3954,0,3847
64865,AEREO INTERN,15/6/2025,4407,VIAJEMOS J,3,USD,4411,0,4281
64866,AEREO INTERN,15/6/2025,4407,VIAJEMOS J,1,USD,1531,0,1486
64868,AEREO INTERN,16/6/2025,3451,VRC VIAJES,4,USD,3983,0,3856
64880,AEREO INTERN,10/6/2025,3435,COLVER TOU,3,USD,2574,0,2544
64884,AEREO INTERN,10/10/2025,3423,SOÑAR VIAJ,5,USD,6312,-1,6262
64886,GRUPAL JOYAS,18/9/2025,258,JAZZ OPERA,1,USD,0,0,1779
64887,GRUPAL JOYAS,25/9/2025,4015,JAZZ OPERA,1,USD,0,0,1694
64889,MADRID,21/6/2025,3538,BLUE SCARL,2,USD,3238,0,3077
64890,AEREO INTERN,3/6/2025,3436,CROWN TRAV,2,USD,4557,0,4530
64892,AEREO INTERN,21/6/2025,3538,BLUE SCARL,3,USD,4810,0,4746
64901,AEREO INTERN,1/6/2025,3451,VRC VIAJES,2,USD,1218,0,1151
64909,AEREO INTERN,25/7/2025,3435,COLVER TOU,4,USD,4121,0,4081
64916,AEREO NACION,12/6/2025,714,LUX TRAVEL,3,USD,3937,0,3996
64917,AEREO INTERN,13/6/2025,3420,BAE TRAVEL,5,USD,0,0,0
64948,MADRID,12/6/2025,3418,ARAGONESES,1,USD,264,0,15
64952,MADRID,15/6/2025,3418,ARAGONESES,3,USD,4836,0,4610
64957,MADRID,29/6/2025,3418,ARAGONESES,1,USD,578,0,538
64962,AEREO INTERN,2/8/2025,1271,IM VIAJES,1,USD,1565,0,1408
64965,AEREO INTERN,2/8/2025,1271,IM VIAJES,1,USD,1540,0,1420
64968,AEREO NACION,23/8/2025,1063,ROQUE ALLE,2,PES,427487,0,375767
64972,AEREO INTERN,19/7/2025,3435,COLVER TOU,2,USD,417,0,397
64979,AEREO INTERN,18/7/2025,3418,ARAGONESES,1,USD,609,0,570
65043,GRUPAL JOYAS,22/5/2025,4649,TURIMOS GU,2,USD,12114,10114,10321
65055,AEREO INTERN,21/6/2025,714,LUX TRAVEL,2,USD,1826,0,1724
65060,EUROPA,1/8/2025,714,LUX TRAVEL,3,USD,945,-1,766
65064,AEREO INTERN,4/6/2025,3420,BAE TRAVEL,2,USD,2941,0,2860
65068,MADRID,13/7/2025,4009,VALERIA FO,4,USD,464,0,60
65090,AEREO INTERN,16/8/2025,3435,COLVER TOU,2,USD,1740,0,1700
65149,AEREO INTERN,31/5/2025,3433,CITYRAMA,2,USD,789,0,769
65167,AEREO INTERN,31/5/2025,4433,DUSIO LUCI,2,USD,2684,0,2647
65173,AEREO INTERN,17/5/2025,3954,NESTURVIAJ,1,USD,332,-1,322
65178,BAYAHIBE,3/7/2025,714,LUX TRAVEL,2,USD,2572,2572,2224
65191,AEREO NACION,18/5/2025,929,LIAGRE VIA,3,PES,25500,0,24000
65194,AEREO INTERN,3/7/2025,714,LUX TRAVEL,2,USD,1778,0,1640
65195,AEREO INTERN,14/5/2025,714,LUX TRAVEL,4,USD,4300,0,4100
65198,AEREO INTERN,23/5/2025,3421,TSA,3,USD,2586,0,2492
65201,MADRID,26/5/2025,3418,ARAGONESES,2,USD,3188,0,2963
65203,MADRID,21/5/2025,3418,ARAGONESES,2,USD,2288,0,2169
65204,AEREO INTERN,27/5/2025,3435,COLVER TOU,3,USD,2404,0,2374
65228,AEREO INTERN,13/7/2025,3435,COLVER TOU,2,USD,3808,0,3788
65233,AEREO INTERN,14/5/2025,551,MARA VIAJE,3,USD,3993,0,3911
65238,GRUPAL  TURQ,26/5/2025,562,MUSICALISI,2,USD,6227,3027,4926
65254,AEREO INTERN,19/7/2025,3435,COLVER TOU,4,USD,5543,0,5343
65258,AEREO NACION,24/5/2025,3414,AMV DE MUL,2,PES,769775,0,689292
65259,AEREO INTERN,5/9/2025,3417,VIAJEMANIA,3,USD,6538,0,6458
65265,AEREO INTERN,21/6/2025,3435,COLVER TOU,3,USD,2825,0,2781
65278,AEREO NACION,4/7/2025,2581,URUK TRAVE,5,PES,1266747,0,1254024
65281,EUROPA,21/7/2025,3306,DELTA TURI,2,USD,1143,1143,1022
65288,MADRID,21/7/2025,3418,ARAGONESES,9,USD,19467,-12,18959
65290,AEREO INTERN,16/5/2025,3435,COLVER TOU,2,USD,2551,0,2480
65291,MADRID,18/7/2025,3418,ARAGONESES,2,USD,3996,0,3871
65292,MADRID,22/5/2025,3418,ARAGONESES,2,USD,3542,0,3412
65294,AEREO INTERN,2/6/2025,3418,ARAGONESES,2,USD,885,0,853
65298,MADRID,28/11/2025,3572,CLAUDIA SR,3,USD,158,0,125
65299,AEREO INTERN,21/6/2025,3420,BAE TRAVEL,2,USD,2663,0,2605
65300,AEREO INTERN,5/6/2025,3420,BAE TRAVEL,2,USD,9542,0,9386
65301,AEREO INTERN,13/7/2025,3451,VRC VIAJES,7,USD,9140,0,9007
65308,AEREO INTERN,23/6/2025,3954,NESTURVIAJ,3,USD,961,0,931
65321,MADRID,26/7/2025,3418,ARAGONESES,7,USD,9100,0,8512
65349,AEREO NACION,26/7/2025,3414,AMV DE MUL,2,PES,807339,0,722801
65369,MADRID,28/11/2025,3572,CLAUDIA SR,3,USD,1246,0,1153
65379,GRUPAL EUROP,17/5/2025,3676,EUGENIA VI,2,USD,10186,4281,7504
65380,AEREO INTERN,17/7/2025,3447,MI PROXIMO,1,USD,567,0,529
65383,AEREO INTERN,2/8/2025,1271,IM VIAJES,1,USD,1565,0,1408
65398,AEREO INTERN,17/5/2025,929,LIAGRE VIA,3,USD,3628,0,3568
65402,AEREO INTERN,20/7/2025,3446,MADI VIAJE,2,USD,8249,0,8195
65412,ESTADOS UNID,13/6/2025,4656,CHOCHA POR,1,USD,1258,-19,1173
65417,MADRID,14/6/2025,3418,ARAGONESES,4,USD,1240,0,1029
65427,AEREO INTERN,17/5/2025,929,LIAGRE VIA,3,USD,3754,0,3694
65449,MADRID,12/12/2025,3426,RUBEN GARC,1,USD,243,0,219
65463,AEREO INTERN,20/7/2025,3446,MADI VIAJE,2,PES,256032,0,252368
65471,AEREO INTERN,19/5/2025,3496,V.G. TRAVE,2,USD,1599,0,1599
65477,MADRID,18/7/2025,3418,ARAGONESES,9,USD,10114,0,9584
65478,MADRID,9/12/2025,3418,ARAGONESES,1,USD,29,0,28
65496,MADRID,13/7/2025,3431,PLANETA TI,1,USD,845,0,793
65527,AEREO INTERN,5/7/2025,1833,QUIROGA TU,2,USD,2870,-10,2793
65535,AEREO INTERN,2/7/2025,929,LIAGRE VIA,2,USD,2554,0,2479
65541,AEREO INTERN,28/7/2025,3435,COLVER TOU,4,USD,4177,0,4111
65556,MADRID,22/12/2025,3420,BAE TRAVEL,1,USD,256,0,215
65566,AEREO INTERN,10/5/2025,3451,VRC VIAJES,2,USD,4243,0,4162
65574,AEREO INTERN,8/11/2025,3435,COLVER TOU,2,USD,1725,0,1705
65576,MADRID,8/8/2025,3418,ARAGONESES,1,USD,1497,0,1419
65602,ISLAS MALDIV,13/5/2025,1090,METROPOLIS,2,USD,1582,1582,1440
65613,AEREO INTERN,21/5/2025,546,DESERET TR,4,USD,4714,-11,4397
65643,AEREO INTERN,5/7/2025,3418,ARAGONESES,1,USD,3057,0,2859
65650,GRUPAL EUROP,31/5/2025,2425,BERLIN VI,2,USD,10877,7277,8107
65665,GRUPAL EUROP,31/5/2025,5007,VIAJES CON,1,USD,5404,3970,4009
65668,AEREO NACION,25/6/2025,3414,AMV DE MUL,2,PES,459332,0,410055
65680,AEREO INTERN,19/5/2025,3954,NESTURVIAJ,2,USD,641,0,601
65682,AEREO INTERN,2/7/2025,3441,GROUND OPE,2,USD,3691,0,3651
65683,AEREO INTERN,19/7/2025,3416,VIAJEMOS,5,USD,9556,0,9421
65713,GRUPAL TURQU,1/6/2025,1234,VIAJES TDH,2,USD,7300,4357,5390
65716,AEREO NACION,23/6/2025,3496,V.G. TRAVE,4,PES,394080,0,348473
65739,AEREO INTERN,23/5/2025,1271,IM VIAJES,1,USD,4821,0,4596
65748,AEREO INTERN,31/5/2025,632,TAHITI TRA,2,USD,1647,0,1613
65755,AEREO NACION,13/7/2025,3414,AMV DE MUL,2,PES,972796,0,869488
65764,AEREO NACION,15/7/2025,3414,AMV DE MUL,5,PES,4140534,0,3701308
65787,GRUPAL EUROP,10/5/2025,1356,BOMBAY VIA,21,USD,93770,79770,79104
65789,BARCELONA,10/5/2025,3418,ARAGONESES,1,USD,832,0,786
65798,AEREO INTERN,3/9/2025,714,LUX TRAVEL,2,USD,1802,0,1639
65808,BAYAHIBE,3/9/2025,714,LUX TRAVEL,2,USD,1219,1219,1076
65811,AEREO INTERN,20/5/2025,3435,COLVER TOU,1,USD,956,0,936
65829,AEREO INTERN,18/10/2025,3441,GROUND OPE,2,PES,4440552,4440552,4333332
65834,AEREO INTERN,15/6/2025,1063,ROQUE ALLE,1,USD,1189,-11,1159
65838,AEREO INTERN,20/7/2025,1271,IM VIAJES,1,USD,1505,0,1465
65841,LONDRES,13/5/2025,3431,PLANETA TI,1,USD,1573,0,1518
65850,AEREO INTERN,12/7/2025,3435,COLVER TOU,3,USD,4511,0,4405
65866,PUNTA CANA,11/6/2025,714,LUX TRAVEL,3,USD,1858,1858,1646
65867,AEREO NACION,27/7/2025,3421,TSA,4,PES,1242825,1242825,1106833
65882,AEREO INTERN,2/8/2025,1271,IM VIAJES,1,USD,1565,0,1408
65885,MADRID,17/5/2025,3418,ARAGONESES,1,USD,1653,0,1574
65886,AEREO INTERN,11/6/2025,714,LUX TRAVEL,3,USD,2800,2800,2580
65887,AEREO INTERN,18/5/2025,4540,MORVIAT,2,USD,2334,0,2297
65891,PERU,10/5/2025,3431,PLANETA TI,2,USD,2180,0,2055
65896,AEREO INTERN,17/6/2025,3435,COLVER TOU,6,USD,5646,0,5558
65897,AEREO INTERN,18/5/2025,4540,MORVIAT,1,USD,1383,1383,1347
65903,AEREO INTERN,3/7/2025,632,TAHITI TRA,22,USD,24452,24452,23167
65916,GRUPAL EUROP,17/5/2025,3676,EUGENIA VI,1,USD,5095,0,3722
65928,AEREO INTERN,14/6/2025,3423,SOÑAR VIAJ,8,USD,3107,0,2943
65929,AEREO INTERN,19/6/2025,3423,SOÑAR VIAJ,4,USD,1474,0,1433
65932,MADRID,24/5/2025,3431,PLANETA TI,2,USD,3394,0,3226
65940,MIAMI,15/7/2025,3431,PLANETA TI,2,USD,2730,0,2569
65944,AEREO INTERN,14/5/2025,3435,COLVER TOU,2,USD,3390,0,3330
65945,AEREO INTERN,15/8/2025,3416,VIAJEMOS,1,USD,1328,1328,1277
65946,AEREO INTERN,28/5/2025,4127,CELTIC TRA,1,USD,1640,-614,1605
65947,AEREO INTERN,13/10/2025,3435,COLVER TOU,2,USD,2486,0,2446
65962,AEREO INTERN,9/7/2025,4540,MORVIAT,2,USD,2220,0,2107
65969,MIAMI,31/5/2025,3431,PLANETA TI,3,USD,6137,0,5821
65975,MIAMI,14/6/2025,3443,HEY! TRAVE,1,USD,1697,0,1566
65985,MADRID,17/7/2025,3431,PLANETA TI,4,USD,7701,7701,7366
65987,AEREO INTERN,13/5/2025,3435,COLVER TOU,4,USD,7625,0,7545
65991,AEREO NACION,15/6/2025,3414,AMV DE MUL,2,PES,2199327,2199327,2008321
65996,AEREO INTERN,22/5/2025,3433,CITYRAMA,2,USD,2635,0,2541
65999,GRUPAL JOYAS,15/5/2025,4367,ZAFIRO TUR,1,USD,6115,3115,5280
66006,MADRID,10/5/2025,3418,ARAGONESES,2,USD,333,0,307
66011,AEREO INTERN,12/1/2026,2581,URUK TRAVE,1,USD,361,361,353
66026,AEREO INTERN,1/10/2025,3435,COLVER TOU,5,USD,7904,784,7751
66038,AEREO INTERN,10/6/2025,3954,NESTURVIAJ,6,USD,1751,0,1631
66039,AEREO INTERN,7/7/2025,3451,VRC VIAJES,1,USD,1147,0,1110
66042,BARCELONA,8/8/2025,3431,PLANETA TI,4,USD,5340,0,5078
66051,AEREO INTERN,3/9/2025,3435,COLVER TOU,2,USD,3963,3963,3894
66055,AEREO INTERN,30/8/2025,513,ELMONI VIA,3,USD,3792,3792,3671
66057,AEREO INTERN,22/9/2025,513,ELMONI VIA,3,USD,3561,3561,3428
66058,AEREO INTERN,11/9/2025,513,ELMONI VIA,3,USD,3808,3808,3671
66069,MADRID,11/7/2025,3418,ARAGONESES,1,USD,1850,0,1740
66076,AEREO INTERN,20/9/2025,3433,CITYRAMA,2,USD,3151,-9,3050
66085,AEREO INTERN,4/7/2025,714,LUX TRAVEL,10,USD,9002,9002,8365
66086,AEREO INTERN,10/10/2025,4540,MORVIAT,2,USD,1938,1938,1873
66089,AEREO INTERN,17/7/2025,3451,VRC VIAJES,4,USD,6654,0,6342
66100,AEREO INTERN,16/7/2025,4433,DUSIO LUCI,4,USD,12649,12649,11886
66105,PUNTA CANA,4/7/2025,714,LUX TRAVEL,16,USD,9957,9957,8759
66117,AEREO INTERN,1/10/2025,3436,CROWN TRAV,2,USD,2394,2394,2320
66123,PUNTA CANA,14/7/2025,714,LUX TRAVEL,5,USD,3791,3791,3364
66132,AEREO INTERN,5/8/2025,3435,COLVER TOU,2,USD,2454,2454,2360
66135,AEREO INTERN,20/5/2025,3435,COLVER TOU,1,USD,1144,1144,1110
66140,AEREO INTERN,2/6/2025,3904,CROMATIKA,4,USD,722,722,699
66141,AEREO INTERN,14/7/2025,714,LUX TRAVEL,5,USD,4824,4824,4598
66142,PUNTA CANA,15/6/2025,714,LUX TRAVEL,3,USD,1590,1590,1380
66155,JAPON,18/10/2025,3418,ARAGONESES,2,USD,3198,3198,3027
66177,AEREO INTERN,2/10/2025,3423,SOÑAR VIAJ,5,USD,2646,2646,2567
66184,AEREO INTERN,4/7/2025,714,LUX TRAVEL,6,USD,5986,5986,5580
66187,AEREO INTERN,14/6/2025,3435,COLVER TOU,2,USD,376,376,329
66188,AEREO INTERN,7/6/2025,4433,DUSIO LUCI,2,USD,0,0,0
66197,AEREO INTERN,8/7/2025,714,LUX TRAVEL,7,USD,7983,7983,7363
66201,AEREO NACION,12/10/2025,3414,AMV DE MUL,2,PES,1311842,1311842,1173335
66202,ROMA,24/5/2025,3418,ARAGONESES,1,USD,1385,0,1311
66213,AEREO INTERN,14/6/2025,4433,DUSIO LUCI,2,USD,2988,2988,2886
66217,AEREO INTERN,11/6/2025,3440,GIRAMONDO,2,USD,2062,2062,2029
66222,PUNTA CANA,8/7/2025,714,LUX TRAVEL,7,USD,6690,6690,5929
66224,AEREO INTERN,18/5/2025,3496,V.G. TRAVE,2,USD,1964,1964,1925
66229,AEREO INTERN,11/7/2025,3496,V.G. TRAVE,3,USD,0,0,0
66236,AEREO INTERN,23/7/2025,3435,COLVER TOU,1,USD,1877,1877,1818
66241,MADRID,26/7/2025,3418,ARAGONESES,1,USD,1810,1810,1701
66242,ESPAÑA,1/9/2025,3418,ARAGONESES,1,USD,770,770,716
66244,AEREO INTERN,19/5/2025,4701,MAZZUCCO V,2,USD,2171,2171,2034
66260,CANCUN,21/5/2025,3418,ARAGONESES,1,USD,1067,1067,982
66262,CANCUN,21/5/2025,3418,ARAGONESES,2,USD,4054,4054,3696

