1;ACTIVO;1;NO;;D;;;;;;;;;;;;;;;
1.1;ACTIVO CORRIENTE;2;NO;;D;;;;;;;;;;;;;;;
1.1.1;DISPONIBILIDADES;3;NO;;D;;;;;;;;1.1;;;;;;;
1.1.1.1;CAJA;3;NO;;D;;;;;;;;1.1.1;;;;;;;
1.1.1.1.01;CAJA EN PESOS CBA;4;SI;;D;;;;P;;;;1.1.1.1;;;;;;;
1.1.1.1.02;CAJA EN DÓLARES CBA;4;SI;;D;;;;D;;;;1.1.1.1;;;;;;;
1.1.1.1.03;CAJA EUROS CBA;4;SI;;D;;;;E;;;;1.1.1.1;;;;;;;
1.1.1.1.04;CAJA EN PESOS BUE;4;SI;;D;;;;P;;;;1.1.1.1;;;;;;;
1.1.1.1.05;CAJA EN DÓLARES BUE;4;SI;;D;;;;D;;;;1.1.1.1;;;;;;;
1.1.1.1.06;CAJA EUROS BUE;4;SI;;D;;;;E;;;;1.1.1.1;;;;;;;
1.1.1.1.07;FONDO FIJO;4;SI;;D;;;;P;;;;1.1.1.1;;;;;;;
1.1.1.1.08;SALDO INICIAL DE CAJA USD;4;SI;;D;;;;D;;;;1.1.1.1;;;;;;;
1.1.1.1.09;SALDO INICIAL EN CAJA PES;4;SI;;D;;;;P;;;;1.1.1.1;;;;;;;
1.1.1.1.10;TC SANTANDER CORPORATIVA;4;SI;;D;;;;P;;;;1.1.1.1;;;;;;;
1.1.1.1.11;IATA DOLARES;4;SI;;D;;;;D;;;;1.1.1.1;;;;;;;
1.1.1.1.12;IATA PESOS;4;SI;;D;;;;P;;;;1.1.1.1;;;;;;;
1.1.1.1.13;TUCANO CTA PESOS;4;SI;;D;;;;P;;;;1.1.1.1;;;;;;;
1.1.1.1.14;TUCANO USD;4;SI;;D;;;;D;;;;1.1.1.1;;;;;;;
1.1.1.1.15;CAJA VG BUE PESOS;4;SI;;D;;;;P;;;;1.1.1.1;;;;;;;
1.1.1.1.16;CAJA VG BUE DOLARES;4;SI;;D;;;;D;;;;1.1.1.1;;;;;;;
1.1.1.1.17;TC MACRO CORPORATTIVA;4;SI;;D;;;;P;;;;1.1.1.1;;;;;;;
1.1.1.2;BANCOS;3;NO;;D;;;;;;;;1.1.1;;;;;;;
1.1.1.2.01;BANCO SANTANDER CTA CTE PESOS;4;SI;;D;;;;P;;;;1.1.1.2;;;;;;;
1.1.1.2.02;BANCO SANTANDER CTA CTE DOALRES;4;SI;;D;;;;D;;;;1.1.1.2;;;;;;;
1.1.1.2.03;BANCO MERIDIAN CTA CTE PESOS;4;SI;;D;;;;P;;;;1.1.1.2;;;;;;;
1.1.1.2.04;BANCO MERIDIAN CTA CTE DOLARES;4;SI;;D;;;;D;;;;1.1.1.2;;;;;;;
1.1.1.2.05;BANCO MACRO CTA CTE USD;4;SI;;D;;;;D;;;;1.1.1.2;;;;;;;
1.1.1.2.06;BANCO MACRO CTA CTE PES;4;SI;;D;;;;P;;;;1.1.1.2;;;;;;;
1.1.1.2.07;BANCO MACRO CTA CTE ESP PES;4;SI;;D;;;;P;;;;1.1.1.2;;;;;;;
1.1.1.2.08;BANCO ICBC CTA CTE PESOS;4;SI;;D;;;;P;;;;1.1.1.2;;;;;;;
1.1.1.2.09;BANCO ICBC CTA CTE DOLARES;4;SI;;D;;;;D;;;;1.1.1.2;;;;;;;
1.1.1.2.10;BANCO NACION CTA CTE PES;4;SI;;D;;;;P;;;;1.1.1.2;;;;;;;
1.1.1.3;VALORES A DEPOSITAR;4;SI;;D;;;;P;;;;1.1.1;;;;;;;
1.1.1.3.01;VALORES A DEPOSITAR EN PESOS;4;SI;;D;;;;P;;;;1.1.1.3;;;;;;;
1.1.1.3.02;VALORES A DEPOSITAR EN DÓLARES;4;SI;;D;;;;D;;;;1.1.1.3;;;;;;;
1.1.1.4;TARJETAS DE CREDITO;3;NO;;D;;;;;;;;1.1.1;;;;;;;
1.1.1.4.01;VISA;4;SI;;D;;;;P;;;;1.1.1.4;;;;;;;
1.1.1.4.02;MASTERCARD;4;SI;;D;;;;P;;;;1.1.1.4;;;;;;;
1.1.1.4.03;AMERICAN EXPRESS;4;SI;;D;;;;P;;;;1.1.1.4;;;;;;;
1.1.1.4.04;NARANJA;4;SI;;D;;;;P;;;;1.1.1.4;;;;;;;
1.1.1.4.05;CABAL;4;SI;;D;;;;P;;;;1.1.1.4;;;;;;;
1.1.1.4.06;MERCADO PAGO;4;SI;;D;;;;P;;;;1.1.1.4;;;;;;;
1.1.1.4.07;TODO PAGO;4;SI;;D;;;;P;;;;1.1.1.4;;;;;;;
1.1.1.4.08;CCCF;4;SI;;D;;;;P;;;;1.1.1.4;;;;;;;
1.1.1.4.09;VIUMI;4;SI;;D;;;;P;;;;1.1.1.4;;;;;;;
1.1.1.5;VALORES PENDIENTE DE ACREDITACION;4;SI;;D;;;;P;;;;1.1.1;;;;;;;
1.1.2;INVERSIONES;3;NO;;D;;;;;;;;1.1;;;;;;;
1.1.2.1.01;FONDO COMUN DE INVERSION;4;SI;;D;;;;P;;;;1.1.2;;;;;;;
1.1.2.1.02;DEPOSITO A PLAZO FIJO;4;SI;;D;;;;P;;;;1.1.2;;;;;;;
1.1.2.1.03;TITULOS PUBLICOS;4;SI;;D;;;;P;;;;1.1.2;;;;;;;
1.1.3;CREDITOS;3;NO;;D;;;;;;;;1.1;;;;;;;
1.1.3.1;DEUDORES;4;SI;;D;;;;P;;;;1.1.3;;;;;;;
1.1.3.1.01;DEUDORES POR SERVICIOS;4;SI;;D;;;;P;;;;1.1.3.1;;;;;;;
1.1.3.1.02;ADELANTO A PROVEEDORES;4;SI;;D;;;;P;;;;1.1.3.1;;;;;;;
1.1.3.1.03;GARANTIAS A PROVEEDORES;4;SI;;D;;;;P;;;;1.1.3.1;;;;;;;
1.1.3.1.04;SALDO A FAVOR EN PROVEEDORES;4;SI;;D;;;;P;;;;1.1.3.1;;;;;;;
1.1.3.1.05;DEUDORES MOROSOS PES;4;SI;;D;;;;P;;;;1.1.3.1;;;;;;;
1.1.3.1.06;DEUDORES MOROSOS USD;4;SI;;D;;;;D;;;;1.1.3.1;;;;;;;
1.1.4;OTROS CREDITOS;3;NO;;D;;;;;;;;1.1;;;;;;;
1.1.4.1;OTROS CREDITOS FISCALES Y SOCIALES;4;SI;;D;;;;P;;;;1.1.4;;;;;;;
1.1.4.1.01;IVA CRÉDITO FISCAL DIRECTO;4;SI;;D;;;;P;;;;1.1.4.1;;;;;;;
1.1.4.1.02;IVA CRÉDITO FISCAL INDIRECTO;4;SI;;D;;;;P;;;;1.1.4.1;;;;;;;
1.1.4.1.03;IVA SALDO A FAVOR LIBRE DISPONIBILIDAD;4;SI;;D;;;;P;;;;1.1.4.1;;;;;;;
1.1.4.1.04;CREDITO FISCAL 1,9 % CONTRIB.P;4;SI;;D;;;;P;;;;1.1.4.1;;;;;;;
1.1.4.1.05;CREDITO FISCAL IMPUESTO LEY 25;4;SI;;D;;;;P;;;;1.1.4.1;;;;;;;
1.1.4.1.06;RETENCION IIBB CBA;4;SI;;D;;;;P;;;;1.1.4.1;;;;;;;
1.1.4.1.07;RETENCIONES IVA;4;SI;;D;;;;P;;;;1.1.4.1;;;;;;;
1.1.4.1.08;RETENCIONES GANANCIAS;4;SI;;D;;;;P;;;;1.1.4.1;;;;;;;
1.1.4.1.09;ANTICIPO IMP. GANANCIAS;4;SI;;D;;;;P;;;;1.1.4.1;;;;;;;
1.1.4.1.10;ANTICIPO IMP. GANAN. MÍNIMA PR;4;SI;;D;;;;P;;;;1.1.4.1;;;;;;;
1.1.4.1.11;PERCEPCIONES GANANCIAS;4;SI;;D;;;;P;;;;1.1.4.1;;;;;;;
1.1.4.1.12;PERCEPCIONES IVA;4;SI;;D;;;;P;;;;1.1.4.1;;;;;;;
1.1.4.1.13;RETENCIONES MUNICIP CORDOBA;4;SI;;D;;;;P;;;;1.1.4.1;;;;;;;
1.1.4.1.14;RETENCIONES IIBB BS AS;4;SI;;D;;;;P;;;;1.1.4.1;;;;;;;
1.1.4.1.15;RETENCIONES SEGURIDAD SOCIAL;4;SI;;D;;;;P;;;;1.1.4.1;;;;;;;
1.1.4.1.16;RETENCIONES IIBB CAP.FED. AGIP;4;SI;;D;;;;P;;;;1.1.4.1;;;;;;;
1.1.4.1.17;IMPUESTO CREDITO LEY 25413;4;SI;;D;;;;P;;;;1.1.4.1;;;;;;;
1.1.4.1.18;IVA SALDO TECNICO A FAVOR;4;SI;;D;;;;P;;;;1.1.4.1;;;;;;;
1.1.4.1.19;SALDO A FAVOR IIBB CAPITAL FEDERAL;4;SI;;D;;;;P;;;;1.1.4.1;;;;;;;
1.1.4.1.20;SALDO A FAVOR IIBB BUENOS AIRES;4;SI;;D;;;;P;;;;1.1.4.1;;;;;;;
1.1.4.1.21;SALDO A FAVOR IIBB CORDOBA;4;SI;;D;;;;P;;;;1.1.4.1;;;;;;;
1.1.4.1.22;PERCEPCIONES IIBB CAP.FED.;4;SI;;D;;;;P;;;;1.1.4.1;;;;;;;
1.1.4.1.23;PERCEPCIONES IIBB BS AS;4;SI;;D;;;;P;;;;1.1.4.1;;;;;;;
1.1.4.1.24;PERCEPCIONES IIBB CORDOBA;4;SI;;D;;;;P;;;;1.1.4.1;;;;;;;
1.1.4.1.25;IIBB RECAUDACIONES BANCARIAS;4;SI;;D;;;;P;;;;1.1.4.1;;;;;;;
1.1.4.1.26;IMPUESTO GANANCIAS SALDO LIBRE DISPONIB.;4;SI;;D;;;;P;;;;1.1.4.1;;;;;;;
1.1.4.1.27;CREDITO POR IGMP;4;SI;;D;;;;P;;;;1.1.4.1;;;;;;;
1.1.4.1.28;EMBARGOS A RECUPERAR;4;SI;;D;;;;P;;;;1.1.4.1;;;;;;;
1.1.4.1.29;IVA DIFERIDO;4;SI;;D;;;;P;;;;1.1.4.1;;;;;;;
1.1.4.2;CREDITOS VARIOS;4;SI;;D;;;;P;;;;1.1.4.1;;;;;;;
1.1.4.2.01;ADELANTOS DE SUELDOS;4;SI;;D;;;;P;;;;1.1.4;;;;;;;
1.1.4.2.02;SEGUROS A DEVENGAR;4;SI;;D;;;;P;;;;1.1.4.2;;;;;;;
1.1.4.2.03;ANTICIPO DE GANANCIAS;4;SI;;D;;;;P;;;;1.1.4.2;;;;;;;
1.1.4.2.04;SOCIO EUGENIA ABDALA;4;SI;;D;;;;P;;;;1.1.4.2;;;;;;;
1.1.4.2.05;SOCIO PAULA BETANCURD;4;SI;;D;;;;P;;;;1.1.4.2;;;;;;;
1.1.4.2.06;SOCIO GEORGINA PIATTI;4;SI;;D;;;;P;;;;1.1.4.2;;;;;;;
1.1.4.2.07;ANTICIPO DE GASTOS;4;SI;;D;;;;P;;;;1.1.4.2;;;;;;;
1.2;ACTIVO NO CORRIENTE;2;NO;;D;;;;;;;;1;;;;;;;
1.2.1;DEPOSITOS EN GARANTIA;3;NO;;D;;;;;;;;1.2;;;;;;;
1.2.1.1;DEPOSITOS EN GARANTIA;4;SI;;D;;;;P;;;;1.2.1;;;;;;;
1.2.1.1.01;GARANTIA;4;SI;;D;;;;P;;;;1.2.1.1;;;;;;;
1.2.1.1.02;DEPOSITO GARANTIA ALQUILER;4;SI;;D;;;;P;;;;1.2.1.1;;;;;;;
1.2.2;BIENES DE USO;3;NO;;D;;;;;;;;1.2;;;;;;;
1.2.2.1;MUEBLES Y UTILES;4;SI;;D;;;;P;;;;1.2.2;;;;;;;
1.2.2.1.01;MUEBLES Y ÚTILES - VALOR DE OR;4;SI;;D;;;;P;;;;1.2.2.1;;;;;;;
1.2.2.1.02;MUEBLES Y ÚTILES - AMORTIZ.ACU;4;SI;;D;;;;P;;;;1.2.2.1;;;;;;;
1.2.2.2;INSTALACIONES;4;SI;;D;;;;P;;;;1.2.2;;;;;;;
1.2.2.2.01;INSTALACIONES - VALOR DE ORIGE;4;SI;;D;;;;P;;;;1.2.2.2;;;;;;;
1.2.2.2.02;INSTALACIONES - AMORTIZ.ACUMUL;4;SI;;D;;;;P;;;;1.2.2.2;;;;;;;
1.2.2.3;INMUEBLES;4;SI;;D;;;;P;;;;1.2.2;;;;;;;
1.2.2.3.01;INMUEBLES - VALOR DE ORIGEN;4;SI;;D;;;;P;;;;1.2.2.3;;;;;;;
1.2.2.3.02;INMUEBLES - AMORTIZ.ACUMULADA;4;SI;;D;;;;P;;;;1.2.2.3;;;;;;;
1.2.2.4;MEJORAS S/INMUEBLES;4;SI;;D;;;;P;;;;1.2.2;;;;;;;
1.2.2.4.01;MEJORAS S/INMUEBLES - VALOR DE;4;SI;;D;;;;P;;;;1.2.2.4;;;;;;;
1.2.2.4.02;MEJORAS S/INMUEBLES - AMORTIZ.;4;SI;;D;;;;P;;;;1.2.2.4;;;;;;;
1.2.2.5;EQUIPOS COMPUTACION;4;SI;;D;;;;P;;;;1.2.2;;;;;;;
1.2.2.5.01;EQUIPOS COMPUTACION - VALOR DE;4;SI;;D;;;;P;;;;1.2.2.5;;;;;;;
1.2.2.5.02;EQUIPOS COMPUTACION - AMORTIZ.;4;SI;;D;;;;P;;;;1.2.2.5;;;;;;;
1.2.2.6;SOFTWARE DE COMPUTACION;4;SI;;D;;;;P;;;;1.2.2;;;;;;;
1.2.2.6.01;SOFTWARE DE COMPUTACION - VALO;4;SI;;D;;;;P;;;;1.2.2.6;;;;;;;
1.2.2.6.02;SOFTWARE DE COMPUTACION - AMOR;4;SI;;D;;;;P;;;;1.2.2.6;;;;;;;
1.2.2.7;EQUIPOS TELEFONICOS;4;SI;;D;;;;P;;;;1.2.2;;;;;;;
1.2.2.7.01;EQUIPOS TELEFONICOS - VALOR DE;4;SI;;D;;;;P;;;;1.2.2.7;;;;;;;
1.2.2.7.02;EQUIPOS TELEFONICOS - AMORTIZ.;4;SI;;D;;;;P;;;;1.2.2.7;;;;;;;
1.2.3;BIENES INMATERIALES;3;NO;;D;;;;;;;;1.2;;;;;;;
1.2.3.1;BIENES INMATERIALES;4;SI;;D;;;;P;;;;1.2.3;;;;;;;
1.2.3.1.01;MARCAS Y PATENTES;4;SI;;D;;;;P;;;;1.2.3.1;;;;;;;
2;PASIVO;1;NO;;A;;;;;;;;;;;;;;;
2.1;PASIVO CORRIENTE;2;NO;;A;;;;;;;;2;;;;;;;
2.1.1;CUENTAS A PAGAR;3;NO;;A;;;;;;;;2.1;;;;;;;
2.1.1.1;PROVEEDORES;3;NO;;A;;;;;;;;2.1.1;;;;;;;
2.1.1.1.01;PROVEEDORESTURISTICOS;4;SI;;A;;;;P;;;;2.1.1.1;;;;;;;
2.1.1.1.02;PROVEEDORES NO TURISTICO;4;SI;;A;;;;P;;;;2.1.1.1;;;;;;;
2.1.1.2;PROVISION PROVEEDORES;3;NO;;A;;;;P;;;;2.1.1;;;;;;;
2.1.1.2.01;PROVISION PROVEEDORES;4;SI;;A;;;;P;;;;2.1.1.2;;;;;;;
2.1.1.2.02;SEÑAS ENTREGADAS POR CLIENTES;4;SI;;A;;;;P;;;;2.1.1.2;;;;;;;
2.1.1.2.03;CLIENTES VIAJADOS CON SALDO A FAVOR;4;SI;;A;;;;P;;;;2.1.1.2;;;;;;;
2.1.2;OTRAS DEUDAS;3;NO;;A;;;;;;;;2.1;;;;;;;
2.1.2.1;DEUDAS SOCIALES;4;SI;;A;;;;P;;;;2.1.2;;;;;;;
2.1.2.1.01;SUELDOS A PAGAR;4;SI;;A;;;;P;;;;2.1.2.1;;;;;;;
2.1.2.1.02;CARGAS SOCIALES A PAGAR;4;SI;;A;;;;P;;;;2.1.2.1;;;;;;;
2.1.2.1.03;AGEC-FAECYS-INCATUR -SEC A PAGAR;4;SI;;A;;;;P;;;;2.1.2.1;;;;;;;
2.1.2.1.04;PROVISION VACACIONES Y CS.SOCI;4;SI;;A;;;;P;;;;2.1.2.1;;;;;;;
2.1.2.1.05;PROVISION SAC Y CS SOCIALES;4;SI;;A;;;;P;;;;2.1.2.1;;;;;;;
2.1.2.2;DEUDAS FISCALES;4;SI;;A;;;;P;;;;2.1.2;;;;;;;
2.1.2.2.01;I.V.A. DEBITO FISCAL;4;SI;;A;;;;P;;;;2.1.2.2;;;;;;;
2.1.2.2.02;I.V.A. DEBITO FISCAL NO INSCRI;4;SI;;A;;;;P;;;;2.1.2.2;;;;;;;
2.1.2.2.03;I.V.A. SALDO A PAGAR;4;SI;;A;;;;P;;;;2.1.2.2;;;;;;;
2.1.2.2.04;SIFERE IIBB A PAGAR;4;SI;;A;;;;P;;;;2.1.2.2;;;;;;;
2.1.2.2.05;IMPUESTO A LAS GANANCIAS A PAG;4;SI;;A;;;;P;;;;2.1.2.2;;;;;;;
2.1.2.2.06;IMP. GANANCIA MÍNIMA PRESUNTA A PAGAR;4;SI;;A;;;;P;;;;2.1.2.2;;;;;;;
2.1.2.2.07;IMP. MUNICIPAL CBA A PAGAR;4;SI;;A;;;;P;;;;2.1.2.2;;;;;;;
2.1.2.2.08;RESOLUCION 3450;4;SI;;A;;;;P;;;;2.1.2.2;;;;;;;
2.1.2.2.09;GANANCIA RETENCIONES PROVEEDORES;4;SI;;A;;;;P;;;;2.1.2.2;;;;;;;
2.1.2.2.10;RESOLUCION 3819 5%;4;SI;;A;;;;P;;;;2.1.2.2;;;;;;;
2.1.2.2.11;IMPUESTO BIENES PERSON. Y PARTIC. A PAGA;4;SI;;A;;;;P;;;;2.1.2.2;;;;;;;
2.1.2.2.12;AFIP - MIS FACILIDADES;4;SI;;A;;;;P;;;;2.1.2.2;;;;;;;
2.1.2.2.13;LEY 27541 - IMPUESTO PAIS;4;SI;;A;;;;P;;;;2.1.2.2;;;;;;;
2.1.2.2.14;RESOLUCION 5232/22 45%;4;SI;;A;;;;P;;;;2.1.2.2;;;;;;;
2.1.2.2.15;RESOLUCION 5272 5%;4;SI;;A;;;;P;;;;2.1.2.2;;;;;;;
2.1.2.3;OTROS PASIVOS;3;NO;;A;;;;;;;;2.1.2;;;;;;;
2.1.2.3.01;SEGUROS A PAGAR;4;SI;;A;;;;P;;;;2.1.2.3;;;;;;;
2.1.2.3.02;HONORARIOS A PAGAR;4;SI;;A;;;;P;;;;2.1.2.3;;;;;;;
2.1.2.3.03;ALQUILERES A PAGAR;4;SI;;A;;;;P;;;;2.1.2.3;;;;;;;
2.1.2.3.04;MUNICIPALIDAD DE CORDOBA A PAGAR;4;SI;;A;;;;P;;;;2.1.2.3;;;;;;;
2.1.2.3.05;SOCIO EUGENIA ABDALA;4;SI;;A;;;;;;;;2.1.2.3;;;;;;;
2.1.2.3.06;SOCIO PAULA BETANCURD;4;SI;;A;;;;P;;;;2.1.2.3;;;;;;;
2.1.2.3.07;SOCIO GEORGINA PIATTI;4;SI;;A;;;;P;;;;2.1.2.3;;;;;;;
2.1.2.3.08;ACRED VS DEPOSITOS NO IDENTIFICADOS;4;SI;;A;;;;P;;;;2.1.2.3;;;;;;;
2.1.2.3.09;DEPOSITOS NO IDENTIFICADOS;4;SI;;A;;;;P;;;;2.1.2.3;;;;;;;
2.1.2.4;DEUDAS FINANCIERAS;4;SI;;A;;;;P;;;;2.1.2;;;;;;;
2.1.2.4.01;PRESTAMOS BANCARIOS;4;SI;;A;;;;P;;;;2.1.2.4;;;;;;;
2.1.2.4.02;DEUDA TC CORPORATIVA PES;4;SI;;A;;;;P;;;;2.1.2.4;;;;;;;
2.1.2.4.03;DEUDA TC CORPORATIVA USD;4;SI;;A;;;;D;;;;2.1.2.4;;;;;;;
2.2;PASIVO NO CORRIENTE;2;NO;;A;;;;;;;;2;;;;;;;
3;PATRIMONIO NETO;1;NO;;A;;;;;;;;;;;;;;;
3.1;PATRIMONIO NETO;2;NO;;A;;;;;;;;3;;;;;;;
3.1.1;APORTES DE PROPIETARIOS;3;NO;;A;;;;;;;;3.1;;;;;;;
3.1.1.1;CAPITAL SOCIAL;4;SI;;A;;;;P;;;;3.1.1;;;;;;;
3.1.1.2;DEPOSITO EN GARANTIA;4;SI;;A;;;;P;;;;3.1.1;;;;;;;
3.1.1.3;RESERVA LEGAL;4;SI;;A;;;;P;;;;3.1.1;;;;;;;
3.1.1.4;APORTE EUGENIA ABDALA;4;SI;;A;;;;P;;;;3.1.1;;;;;;;
3.1.1.5;APORTE PAULA BETANCURD;4;SI;;A;;;;P;;;;3.1.1;;;;;;;
3.1.1.6;APORTE GEORGINA PIATTI;4;SI;;A;;;;P;;;;3.1.1;;;;;;;
3.1.1.7;APORTE NO CAPITALIZABLE;4;SI;;A;;;;P;;;;3.1.1;;;;;;;
3.1.2;RESULTADOS NO ASIGNADOS;4;SI;;A;;;;P;;;;3.1;;;;;;;
3.1.2.1;RESULTADOS ACUMULADOS;4;SI;;A;;;;P;;;;3.1.2;;;;;;;
3.1.2.2;RESULTADOS DEL EJERCICIO;4;SI;;A;;;;P;;;;3.1.2;;;;;;;
3.1.3;DISTRIBUCION DE UTILIDADES;4;SI;;A;;;;P;;;;3.1;;;;;;;
3.1.3.1;UTILIDADES EUGENIA ABDALA;4;SI;;A;;;;P;;;;3.1.3;;;;;;;
3.1.3.2;UTILIDADES PAULA BETANCOURD;4;SI;;A;;;;P;;;;3.1.3;;;;;;;
3.1.3.3;UTILIDADES GEORGINA PIATTI;4;SI;;A;;;;P;;;;3.1.3;;;;;;;
4;RESULTADO POSITIVO;1;NO;;A;;;;;;;;;;;;;;;
4.1;INGRESOS;2;NO;;A;;;;;;;;4;;;;;;;
4.1.1;INGRESOS POR SERVICIOS;3;NO;;A;;;;;;;;4.1;;;;;;;
4.1.1.1;INGRESOS POR VENTAS;3;NO;;A;;;;;;;;4.1.1;;;;;;;
4.1.1.1.01;INGRESOS POR VTA  INTERNACIONAL;4;SI;;A;;;;P;;;;4.1.1;;;;;;;
4.1.1.1.02;INGRESOS POR VTA NACIONAL;4;SI;;A;;;;P;;;;4.1.1;;;;;;;
4.1.1.1.03;TICKETS AEREOS;4;SI;;A;;;;P;;;;4.1.1;;;;;;;
4.1.1.1.04;COMISIONES AEREAS;4;SI;;A;;;;P;;;;4.1.1;;;;;;;
4.1.1.1.05;GESTION DE RESERVA;4;SI;;A;;;;P;;;;4.1.1;;;;;;;
4.1.1.1.06;GASTOS ADMINISTRATIVOS;4;SI;;A;;;;P;;;;4.1.1;;;;;;;
4.1.2;OTROS INGRESOS;3;NO;;A;;;;;;;;4.1;;;;;;;
4.1.2.1;INTERESES FINANCIEROS;4;SI;;A;;;;P;;;;4.1.2;;;;;;;
4.1.2.1.01;INTERESES GANADOS EN CTA CTE;4;SI;;A;;;;P;;;;4.1.2;;;;;;;
4.1.2.1.02;INTERESES GANADOS POR INVERSION;4;SI;;A;;;;P;;;;4.1.2;;;;;;;
4.1.2.3;OTROS INGRESOS;4;SI;;A;;;;P;;;;4.1;;;;;;;
4.1.2.3.01;RECUPERO GASTOS BANCARIOS;4;SI;;A;;;;P;;;;4.1.2.3;;;;;;;
4.1.2.3.02;ADICIONAL RECARGO AUTOMATICO;4;SI;;A;;;;P;;;;4.1.2.3;;;;;;;
4.1.2.3.03;RECUPERO IVA CREDITO FISCAL DCTO 814;4;SI;;A;;;;P;;;;4.1.2.3;;;;;;;
4.1.2.3.04;RESULTADO TITULOS PUBLICOS;4;SI;;A;;;;P;;;;4.1.2.3;;;;;;;
4.1.2.3.05;PLANES DE MARKETING;4;SI;;A;;;;P;;;;4.1.2.3;;;;;;;
4.1.2.3.06;AJUSTE DE SALDO;4;SI;;A;;;;P;;;;4.1.2.3;;;;;;;
5;RESULTADO NEGATIVO;1;NO;;D;;;;;;;;;;;;;;;
5.1;EGRESOS;2;NO;;D;;;;;;;;5;;;;;;;
5.1.1;GASTOS DE ADMINISTRACION;3;NO;;D;;;;;;;;5.1;;;;;;;
5.1.1.1;GASTOS DE PERSONAL;4;SI;;D;;;;P;;;;5.1.1;;;;;;;
5.1.1.1.01;SUELDOS Y JORNALES;4;SI;;D;;;;P;;;;5.1.1.1;;;;;;;
5.1.1.1.02;CARGAS SOCIALES;4;SI;;D;;;;P;;;;5.1.1.1;;;;;;;
5.1.1.1.03;GASTOS DE CAPACITACION;4;SI;;D;;;;P;;;;5.1.1.1;;;;;;;
5.1.1.1.04;INDEMNIZACIONES - PREMIO - GRATIFICACIO;4;SI;;D;;;;P;;;;5.1.1.1;;;;;;;
5.1.1.1.05;AGEC;4;SI;;D;;;;P;;;;5.1.1.1;;;;;;;
5.1.1.1.06;FORMULARIO 931;4;SI;;D;;;;P;;;;5.1.1.1;;;;;;;
5.1.1.1.07;FAECYS;4;SI;;D;;;;P;;;;5.1.1.1;;;;;;;
5.1.1.1.08;OBRA SOCIAL;4;SI;;D;;;;P;;;;5.1.1.1;;;;;;;
5.1.1.1.09;AUTONOMOS;4;SI;;D;;;;P;;;;5.1.1.1;;;;;;;
5.1.1.1.10;MONOTRIBUTO;4;SI;;D;;;;P;;;;5.1.1.1;;;;;;;
5.1.1.1.11;INTERESES CARGAS SOCIALES;4;SI;;D;;;;P;;;;5.1.1.1;;;;;;;
5.1.1.1.12;SEGURO DE CONVENIO;4;SI;;D;;;;P;;;;5.1.1.1;;;;;;;
5.1.1.1.13;EXAMENES MEDICOS;4;SI;;D;;;;P;;;;5.1.1.1;;;;;;;
5.1.1.1.14;GASTOS EN PERSONAL;4;SI;;D;;;;P;;;;5.1.1.1;;;;;;;
5.1.1.1.15;AGASAJOS EMPLEADOS;4;SI;;D;;;;P;;;;5.1.1.1;;;;;;;
5.1.1.1.16;OSECAC;4;SI;;D;;;;P;;;;5.1.1.1;;;;;;;
5.1.1.2;IMPUESTOS;3;NO;;D;;;;;;;;5.1.1;;;;;;;
5.1.1.2.01;IMPUESTO A LAS GANANCIAS;4;SI;;D;;;;P;;;;5.1.1.2;;;;;;;
5.1.1.2.02;IMPUESTO GANANCIA MÍNIMA PRESU;4;SI;;D;;;;P;;;;5.1.1.2;;;;;;;
5.1.1.2.03;IMPUESTOS INMOBILIARIOS - ABL;4;SI;;D;;;;P;;;;5.1.1.2;;;;;;;
5.1.1.2.04;MULTAS Y RECARGOS IMPOSITIVOS;4;SI;;D;;;;P;;;;5.1.1.2;;;;;;;
5.1.1.2.05;IVA CREDITO FISCAL NO RECUPERA;4;SI;;D;;;;P;;;;5.1.1.2;;;;;;;
5.1.1.2.06;SIFERE INGRESOS BRUTOS;4;SI;;D;;;;P;;;;5.1.1.2;;;;;;;
5.1.1.2.07;IMPUESTO BIENES PERSON. Y PARTICIPACIONE;4;SI;;D;;;;P;;;;5.1.1.2;;;;;;;
5.1.1.2.08;IMPUESTO MUNICIPAL CORDOBA;4;SI;;D;;;;P;;;;5.1.1.2;;;;;;;
5.1.1.2.09;FORMULARIO 731 IVA;4;SI;;D;;;;P;;;;5.1.1.2;;;;;;;
5.1.1.2.10;TASAS E IMPUESTOS DE SELLOS;4;SI;;D;;;;P;;;;5.1.1.2;;;;;;;
5.1.1.2.11;INTERESES IMPOSITIVOS;4;SI;;D;;;;P;;;;5.1.1.2;;;;;;;
5.1.1.2.12;IVA SALDO DDJJ;4;SI;;D;;;;P;;;;5.1.1.2;;;;;;;
5.1.1.3;GASTOS DE OFICINA;4;SI;;D;;;;P;;;;5.1.1;;;;;;;
5.1.1.3.01;PAPELERIA Y UTILES DE OFICINA;4;SI;;D;;;;P;;;;5.1.1.3;;;;;;;
5.1.1.3.02;MOVILIDAD Y VIATICOS;4;SI;;D;;;;P;;;;5.1.1.3;;;;;;;
5.1.1.3.03;GASTOS VARIOS DE OFICINA;4;SI;;D;;;;P;;;;5.1.1.3;;;;;;;
5.1.1.3.04;ALQUILERES;4;SI;;D;;;;P;;;;5.1.1.3;;;;;;;
5.1.1.3.05;EXPENSAS;4;SI;;D;;;;P;;;;5.1.1.3;;;;;;;
5.1.1.3.06;LUZ;4;SI;;D;;;;P;;;;5.1.1.3;;;;;;;
5.1.1.3.07;CARTUCHOS Y TONNER;4;SI;;D;;;;P;;;;5.1.1.3;;;;;;;
5.1.1.3.08;FOTOCOPIADORA;4;SI;;D;;;;P;;;;5.1.1.3;;;;;;;
5.1.1.3.09;MANTENIMIENTO DE HARDWARE;4;SI;;D;;;;P;;;;5.1.1.3;;;;;;;
5.1.1.3.10;MANTENIMIENTO DE OFICINAS;4;SI;;D;;;;P;;;;5.1.1.3;;;;;;;
5.1.1.3.11;MANTENIMIENTO DE INSTALACIONES;4;SI;;D;;;;P;;;;5.1.1.3;;;;;;;
5.1.1.3.12;POSNET;4;SI;;D;;;;P;;;;5.1.1.3;;;;;;;
5.1.1.3.13;COMERCIO E INDUSTRIA;4;SI;;D;;;;P;;;;5.1.1.3;;;;;;;
5.1.1.3.14;AGUAS CORDOBESAS;4;SI;;D;;;;P;;;;5.1.1.3;;;;;;;
5.1.1.3.15;RENTAS LOCAL;4;SI;;D;;;;P;;;;5.1.1.3;;;;;;;
5.1.1.3.16;INMUEBLE LOCAL;4;SI;;D;;;;P;;;;5.1.1.3;;;;;;;
5.1.1.3.17;SUPERMERCADO;4;SI;;D;;;;P;;;;5.1.1.3;;;;;;;
5.1.1.3.18;INSUMOS DE COMPUTACION;4;SI;;D;;;;P;;;;5.1.1.3;;;;;;;
5.1.1.3.19;LIMPÍEZA;4;SI;;D;;;;P;;;;5.1.1.3;;;;;;;
5.1.1.3.20;GASTOS VARIOS;4;SI;;D;;;;P;;;;5.1.1.3;;;;;;;
5.1.1.3.21;GASTOS DE VIAJES;4;SI;;D;;;;P;;;;5.1.1.3;;;;;;;
5.1.1.3.22;CURSOS;4;SI;;D;;;;P;;;;5.1.1.3;;;;;;;
5.1.1.3.23;GAS;4;SI;;D;;;;P;;;;5.1.1.3;;;;;;;
5.1.1.3.24;LIMPIEZA;4;SI;;D;;;;P;;;;5.1.1.3;;;;;;;
5.1.1.4;GASTOS DIVERSOS;4;SI;;D;;;;P;;;;5.1.1;;;;;;;
5.1.1.4.01;AMORTIZACIONES;4;SI;;D;;;;P;;;;5.1.1.4;;;;;;;
5.1.1.4.02;SEGUROS;4;SI;;D;;;;P;;;;5.1.1.4;;;;;;;
5.1.1.4.03;HONORARIOS;4;SI;;D;;;;P;;;;5.1.1.4;;;;;;;
5.1.1.4.04;CAFETERIA Y REFRIGERIOS;4;SI;;D;;;;P;;;;5.1.1.4;;;;;;;
5.1.1.4.05;MANTENIMIENTO BIENES DE USO;4;SI;;D;;;;P;;;;5.1.1.4;;;;;;;
5.1.1.4.06;GASTOS LEGALES;4;SI;;D;;;;P;;;;5.1.1.4;;;;;;;
5.1.1.4.07;CUOTAS ASOCIACIONES;4;SI;;D;;;;P;;;;5.1.1.4;;;;;;;
5.1.1.4.08;GASTOS SEGURIDAD;4;SI;;D;;;;P;;;;5.1.1.4;;;;;;;
5.1.1.4.09;SUPERMERCADO ;4;SI;;D;;;;P;;;;5.1.1.4;;;;;;;
5.1.1.4.10;GASTOS DE VIAJES;4;SI;;D;;;;P;;;;5.1.1.4;;;;;;;
5.1.1.4.11;GESTION PO RESERVA;4;SI;;D;;;;P;;;;5.1.1.4;;;;;;;
5.1.1.4.12;DONACION;4;SI;;D;;;;P;;;;5.1.1.4;;;;;;;
5.1.1.4.13;RESULTADO VENTA DE AUTOMOVILES;4;SI;;D;;;;P;;;;5.1.1.4;;;;;;;
5.1.1.4.14;HONORARIOS SOCIO GERENTE EA;4;SI;;D;;;;P;;;;5.1.1.4;;;;;;;
5.1.1.4.15;SUSCRIPCIONES;4;SI;;D;;;;P;;;;5.1.1.4;;;;;;;
5.1.2;GASTOS DE COMERCIALIZACION;3;NO;;D;;;;;;;;5.1;;;;;;;
5.1.2.1;GASTOS DE PUBLICIDAD Y REPRESE;4;SI;;D;;;;P;;;;5.1.2;;;;;;;
5.1.2.1.01;PUBLICIDAD Y PROPAGANDA;4;SI;;D;;;;P;;;;5.1.2.1;;;;;;;
5.1.2.1.02;GASTOS DE FOLLETERIA;4;SI;;D;;;;P;;;;5.1.2.1;;;;;;;
5.1.2.1.03;GASTOS DE REPRESENTACIÓN;4;SI;;D;;;;P;;;;5.1.2.1;;;;;;;
5.1.2.1.04;GASTOS DE PROMOCIÓN;4;SI;;D;;;;P;;;;5.1.2.1;;;;;;;
5.1.2.1.05;EVENTOS;4;SI;;D;;;;P;;;;5.1.2.1;;;;;;;
5.1.2.1.06;IMPRENTA;4;SI;;D;;;;P;;;;5.1.2.1;;;;;;;
5.1.2.1.07;MARKETING;4;SI;;D;;;;P;;;;5.1.2.1;;;;;;;
5.1.2.1.08;VISITAS A CLIENTES;4;SI;;D;;;;P;;;;5.1.2.1;;;;;;;
5.1.2.1.09;BOLSOS, VOUCHERS, PORTAVOUCHERS;4;SI;;D;;;;P;;;;5.1.2.1;;;;;;;
5.1.2.1.10;MATERIALES IMPRENTA;4;SI;;D;;;;P;;;;5.1.2.1;;;;;;;
5.1.2.2;COMUNICACIONES;4;SI;;D;;;;P;;;;5.1.2;;;;;;;
5.1.2.2.01;FRANQUEO;4;SI;;D;;;;P;;;;5.1.2.2;;;;;;;
5.1.2.2.02;GASTOS DE ENVIO;4;SI;;D;;;;P;;;;5.1.2.2;;;;;;;
5.1.2.2.03;FLETES;4;SI;;D;;;;P;;;;5.1.2.2;;;;;;;
5.1.2.2.04;TELEFONOS;4;SI;;D;;;;P;;;;5.1.2.2;;;;;;;
5.1.2.2.05;INTERNET Y REDES COMUNICACIÓN;4;SI;;D;;;;P;;;;5.1.2.2;;;;;;;
5.1.2.2.06;GASTOS DE SISTEMA;4;SI;;D;;;;P;;;;5.1.2.2;;;;;;;
5.1.2.2.07;SISTEMA OPERATIVO (YCIX);4;SI;;D;;;;P;;;;5.1.2.2;;;;;;;
5.1.2.2.08;WEB - NEMO;4;SI;;D;;;;P;;;;5.1.2.2;;;;;;;
5.1.2.2.09;PAGINA WEB;4;SI;;D;;;;P;;;;5.1.2.2;;;;;;;
5.1.2.3;OTROS GASTOS DE COMERCIALIZACI;4;SI;;D;;;;P;;;;5.1.2;;;;;;;
5.1.2.3.01;IMPUESTO A LOS INGRESOS BRUTOS;4;SI;;D;;;;P;;;;5.1.2.3;;;;;;;
5.1.2.3.02;DEUDORES INCOBRABLES;4;SI;;D;;;;P;;;;5.1.2.3;;;;;;;
5.1.2.3.03;GASTOS VARIO DE COMERCIALIZACION;4;SI;;D;;;;P;;;;5.1.2.3;;;;;;;
5.1.2.3.04;COMISIONES PAGADAS;4;SI ;;D;;;;P;;;;5.1.2.3;;;;;;;
5.1.2.3.05;COMISIONES DE COMERCIALIZACION;4;SI;;D;;;;P;;;;5.1.2.3;;;;;;;
5.1.2.3.06;GASTOS POR ERRORES OPERATIVOS;4;SI;;D;;;;P;;;;5.1.2.3;;;;;;;
5.1.2.3.07;PERDIDAS POR RIESGOS ASUMIDOS;4;SI;;D;;;;P;;;;5.1.2.3;;;;;;;
5.1.3;RESULTADOS FINANCIEROS;3;NO;;D;;;;;;;;5.1;;;;;;;
5.1.3.0;RESULTADOS FINANCIEROS;4;SI;;D;;;;P;;;;5.1.3;;;;;;;
5.1.3.0.01;GASTOS Y COMISIONES BANCARIAS;4;SI;;D;;;;P;;;;5.1.3.0;;;;;;;
5.1.3.0.02;GASTOS POR TRANSFERENCIAS BANCARIAS;4;SI;;D;;;;P;;;;5.1.3.0;;;;;;;
5.1.3.0.03;IMPUESTO CREDITO LEY 25.413;4;SI;;D;;;;P;;;;5.1.3.0;;;;;;;
5.1.3.0.04;IMPUESTO DEBITO LEY 25413;4;SI;;D;;;;P;;;;5.1.3.0;;;;;;;
5.1.3.0.05;AJUSTES POR REDONDEO;4;SI;;D;;;;P;;;;5.1.3.0;;;;;;;
5.1.3.0.06;DIFERENCIAS DE CAMBIO (USD);4;SI;;D;;;;D;;;;5.1.3.0;;;;;;;
5.1.3.0.07;RECUPERO GASTOS TRAJETA DE CREDITO;4;SI;;D;;;;P;;;;5.1.3.0;;;;;;;
5.1.3.0.08;CUENTA DE EGRESOS;4;SI;;D;;;;P;;;;5.1.3.0;;;;;;;
5.1.3.0.09;DIFERENCIAS DE CAMBIO (PESOS);4;SI;;D;;;;P;;;;5.1.3.0;;;;;;;
5.1.3.0.10;GASTOS TARJETAS DE CREDITO;4;SI;;D;;;;P;;;;5.1.3.0;;;;;;;
5.1.3.0.11;INTERESES FINANCIEROS;4;SI;;D;;;;P;;;;5.1.3.0;;;;;;;
5.1.3.0.12;ACUERDO FISCAL LEY 26476;4;SI;;D;;;;P;;;;5.1.3.0;;;;;;;
5.1.3.0.13;1% PAGOS EN EFECTIVO;4;SI;;D;;;;P;;;;5.1.3.0;;;;;;;
5.1.4;EGRESOS;3;NO;;D;;;;;;;;5.1;;;;;;;
5.1.4.1;Costo Servicios por Cuenta de Terceros;4;SI;;D;;;;P;;;;5.1.4;;;;;;;
5.1.4.1.02;PROVISION DE SERVICIOS;4;SI;;D;;;;P;;;;5.1.4.1;;;;;;;
;;;;;;;;;;;;;;;;;;;;
